fact_check_id,claim,instances,title
103080,"('Photo of Muslim woman protesting against burqa in Sri Lanka', 'Photo of Muslim woman protesting against burqa in Sri Lanka', [('eng', 1.0)])","[(1582774140.0, 'https://factcheck.afp.com/image-has-been-doctored-image-anti-citizenship-law-protester-india#75a7f0090aff8654f8786c653df50e5b')]","('This image has been doctored from an image of an anti-citizenship law protester in India', 'This image has been doctored from an image of an anti-citizenship law protester in India', [('eng', 1.0)])"
21784,"('Afiche de la comunidad LGBTQ incluye a los pedÃ³filos LGBTP', 'LGBTQ Community Poster Includes LGBTP Pedophiles', [('spa', 1.0)])","[(1591225980.0, 'https://factual.afp.com/las-siglas-lgbtp-no-se-usan-para-describir-la-comunidad-lgbtq-aseguran-expertos#9339a7e293f6cb95bb3d3337e4622783')]","('Las siglas â€œLGBTPâ€ no se usan para describir a la comunidad LGBTQ, aseguran expertos', 'The acronym â€œLGBTPâ€ is not used to describe the LGBTQ community, experts say', [('spa', 1.0)])"
106202,"('Picture shows those deceased from COVID-19 in Italy', 'Picture shows those deceased from COVID-19 in Italy', [('eng', 1.0)])","[(1585208340.0, 'https://factcheck.afp.com/photo-shows-coffins-dead-migrants-after-boat-capsized-coast-italy-2013#aeb57f790289118552d14182e99b70a2')]","('This photo shows coffins for dead migrants after a boat capsized off the coast of Italy in 2013', 'This photo shows coffins for dead migrants after a boat capsized off the coast of Italy in 2013', [('eng', 1.0)])"
39353,"('Colombia pidiÃ³ refuerzos a Estados Unidos para combatir el terrorismo en Venezuela', 'Colombia asked the United States for reinforcements to combat terrorism in Venezuela', [('spa', 1.0)])","[(1576253220.0, 'https://factual.afp.com/la-resolucion-1373-de-la-onu-no-permite-pedir-refuerzos-contra-el-terrorismo-y-el-video-de-la#13267cd339a32ee47ce078f074352342')]","('La resoluciÃ³n 1373 de la ONU no permite pedir refuerzos contra el terrorismo y el video de la publicaciÃ³n fue grabado en Siria', 'UN resolution 1373 does not allow requesting reinforcements against terrorism and the video of the publication was recorded in Syria', [('spa', 1.0)])"
45430,"('Die Wiener Polizei schloss sich einer Corona-Demo an.', 'The Vienna police joined a Corona demo.', [('deu', 1.0)])","[(1612797960.0, 'https://faktencheck.afp.com/die-helmlose-polizei-drueckte-damit-keine-solidaritaet-fuer-corona-demo-wien-aus#5978316da1599d4a2c914f93b481090b')]","('Die helmlose Polizei drÃ¼ckte damit keine SolidaritÃ¤t fÃ¼r Corona-Demo in Wien aus', 'The helmetless police did not express any solidarity for the Corona demo in Vienna', [('deu', 1.0)])"
145128,"('Video yang diklaim sebagai video banjir bandang di Sukabumi pada 21 September 2020', 'Video claimed to be a flash flood video in Sukabumi on September 21, 2020', [('msa', 1.0)])","[(1600819080.0, 'https://cekfakta.tempo.co/fakta/1022/fakta-atau-hoaks-benarkah-ini-video-banjir-bandang-di-sukabumi-pada-21-september-2020#de52f7bb46e647282f4ee74dab117cb3')]","('[Fakta atau Hoaks] Benarkah Ini Video Banjir Bandang di Sukabumi pada 21 September 2020?', '[Facts or Hoaxes] Is This Really a Flash Flood Video in Sukabumi on September 21, 2020?', [('msa', 1.0)])"
138150,"(""Une plateforme Ã  3 euros la minute pour les demandeurs d'asile ?"", 'A platform at 3 euros per minute for asylum seekers?', [('fra', 1.0)])","[(1581693720.0, 'https://factuel.afp.com/non-ceci-nest-pas-un-numero-de-telephone-3eumin-pour-les-demarches-administratives-des-refugies#2102ae7b4ff7615980916914b077896d')]","(""Non, ceci n'est pas un numÃ©ro de tÃ©lÃ©phone Ã  3â‚¬/min pour les dÃ©marches administratives des rÃ©fugiÃ©s"", 'No, this is not a 3â‚¬/min telephone number for administrative procedures for refugees', [('fra', 1.0)])"
133400,"('Toureiro sente remorso na hora de matar o touro. Touro tem pena de atacar toureiro.', 'Bullfighter feels remorse when killing the bull. Taurus is sorry to attack bullfighter.', [('por', 1.0)])","[(1544621520.0, 'https://checamos.afp.com/nao-esta-foto-nao-mostra-um-toureiro-tendo-uma-crise-de-remorso#aa44ea74ab8a9f40bfe71e04871c1aa5')]","('NÃ£o, esta foto nÃ£o mostra um toureiro tendo uma crise de remorso', 'No, this photo does not show a bullfighter having a fit of remorse.', [('por', 1.0)])"
53732,"('Esta es una fotografÃ­a del multimillonario chino Jack Ma cuando era niÃ±o', 'This is a photograph of Chinese billionaire Jack Ma as a child', [('spa', 1.0)])","[(1599760260.0, 'https://factual.afp.com/la-foto-no-es-del-empresario-jack-ma-sino-de-un-nino-pobre-que-se-hizo-famoso-por-parecerse-el#742e382f430d36e4e835ac07e8be62e2')]","('La foto no es del empresario Jack Ma, sino de un niÃ±o pobre que se hizo famoso por parecerse a Ã©l', 'The photo is not of businessman Jack Ma, but of a poor boy who became famous for looking like him', [('spa', 1.0)])"
91637,"('MÃ©dicos estÃ¡n operando al coronavirus cuando uno de ellos cae', 'Doctors are operating on the coronavirus when one of them falls', [('spa', 1.0)])","[(1582843920.0, 'https://factual.afp.com/no-el-coronavirus-no-se-puede-operar#9b70cccfe0c15478d0099ccc2836c4d0')]","('No, el coronavirus no se puede operar', 'No, the coronavirus cannot be operated', [('spa', 1.0)])"
166312,"('Ø¨Ø§Ø±ÙŠØ³ ØªØªØ¶Ø§Ù…Ù† Ù…Ø¹ Ø§Ù„Ø¹Ø±Ø§Ù‚ ğŸ‡«ğŸ‡· ğŸ‡®ğŸ‡¶â¤ï¸ ÙˆØªØ¶ÙŠØ¦ Ø¨Ø±Ø¬ Ø¥ÙŠÙÙ„ Ø¨Ù„ÙˆÙ† Ø§Ù„Ø¹Ù„Ù… Ø§Ù„Ø¹Ø±Ø§Ù‚ÙŠ Ø¨Ø¯Ø¡ Ø§Ù„Ø¹Ø§Ù„Ù… ÙŠØ³Ù…Ø¹ ØµÙˆØªÙ†Ø§ âœŒï¸ğŸ‡®ğŸ‡¶', 'Paris stands in solidarity with Iraq ğŸ‡«ğŸ‡· ğŸ‡®ğŸ‡¶â¤ï¸ And lights the Eiffel Tower in the color of the Iraqi flag The world begins to hear our voice âœŒï¸ğŸ‡®ğŸ‡¶', [('ara', 1.0)])","[(1572528240.0, 'https://factuel.afp.com/ar/Belgian%20not%20Iraqi%20flag%20on%20tour%20Eiffel#1951a40825be0116f83aec3d6d42e6d2')]","('Ù‡Ø°Ù‡ Ø§Ù„ØµÙˆØ±Ø© Ù„Ø§ ØªØ¸Ù‡Ø± Ø¥Ø¶Ø§Ø¡Ø© Ø¨Ø±Ø¬ Ø¥ÙŠÙÙ„ Ø¨Ø§Ù„Ø¹Ù„Ù… Ø§Ù„Ø¹Ø±Ø§Ù‚ÙŠ', 'This picture does not show the lighting of the Eiffel Tower with the Iraqi flag', [('ara', 1.0)])"
48781,"('DÄ›tem hrozÃ­ povinnÃ© ÄipovÃ¡nÃ­ ve Å¡kolÃ¡ch', 'Children are at risk of compulsory chipping in schools', [('ces', 1.0)])","[(1595419980.0, 'https://napravoumiru.afp.com/ne-ceskym-detem-nehrozi-plosne-cipovani#e2a3e99ddc1e00f13c843c0381e023ec')]","('Ne, ÄeskÃ½m dÄ›tem nehrozÃ­ ploÅ¡nÃ© ÄipovÃ¡nÃ­', 'No, Czech children are not at risk of widespread chipping', [('ces', 1.0)])"
166180,"('Ø§Ù†Ø·Ù„Ø§Ù‚ Ø­Ù…Ù„Ø© Ø§Ù„Ù…Ù‚Ø±ÙˆÙ†Ù‡ Ù…Ù† Ù‚Ø§Ø¨Ø³ ÙŠØ±ÙØ¹ Ø¹Ù„Ù… Ø¥Ø³Ø±Ø§Ø¦ÙŠÙ„', 'Al-Maqrona campaign launched from Gabes, raising the flag of Israel', [('ara', 1.0)])","[(1570878240.0, 'https://factuel.afp.com/ar/Karaoui%20Israel%20flags#629a7f64ec757cbcfdb84e19c339adaa')]","('Ù‡Ø°Ù‡ Ø§Ù„ØµÙˆØ±Ø© Ù„Ø³ÙŠÙ‘Ø§Ø±Ø© ØªØ­Ù…Ù„ ØµÙˆØ± Ø§Ù„Ù‚Ø±ÙˆÙŠ ÙˆØ£Ø¹Ù„Ø§Ù…Ø§Ù‹ Ø§Ø³Ø±Ø§Ø¦ÙŠÙ„ÙŠÙ‘Ø© Ù…Ø±ÙƒÙ‘Ø¨Ø©', 'This picture is of a car carrying pictures of the villager and installed Israeli flags', [('ara', 1.0)])"
140217,"('Victorian Premier Daniel Andrews has a net worth of $91 million', 'Victorian Premier Daniel Andrews has a net worth of $91 million', [('eng', 1.0)])","[(1603447080.0, 'https://factcheck.afp.com/social-media-posts-share-misleading-claim-australias-victoria-state-premier-has-net-worth-91-million#3b7b6d1a28a9b51c11f785c43079d3c6')]","('Social media posts share misleading claim that Australiaâ€™s Victoria state premier has a net worth of $91 million', 'Social media posts share misleading claim that Australiaâ€™s Victoria state premier has a net worth of $91 million', [('eng', 1.0)])"
147095,"('Vox criticÃ³ en su Twitter a los periodistas espaÃ±oles asesinados en Burkina Faso', 'Vox criticized the Spanish journalists murdered in Burkina Faso on its Twitter', [('spa', 1.0)])","[(1619804160.0, 'https://factual.afp.com/no-hay-registro-de-un-tuit-de-vox-contra-los-periodistas-espanoles-asesinados-en-burkina-faso#85ad5c66d50e23b4e37a4f48e2d39a07')]","('No hay registro de un tuit de Vox contra los periodistas espaÃ±oles asesinados en Burkina Faso', 'There is no record of a Vox tweet against the Spanish journalists murdered in Burkina Faso', [('spa', 1.0)])"
83718,"('LiberaÃ§Ã£o da cloroquina/hidroxicloroquina pela Anvisa, jÃ¡ com posologia para tratamento da COVID-19', 'Release of chloroquine/hydroxychloroquine by Anvisa, already with dosage for the treatment of COVID-19', [('por', 1.0)])","[(1585690860.0, 'https://checamos.afp.com/autorizacao-concedida-pela-anvisa-foi-para-pesquisa-com-hidroxicloroquina-no-tratamento-da-covid-19#13f7b6ec0802f99ec58f6a570f2dd4a0')]","('A autorizaÃ§Ã£o concedida pela Anvisa foi para pesquisa com hidroxicloroquina no tratamento da COVID-19', 'The authorization granted by Anvisa was for research with hydroxychloroquine in the treatment of COVID-19', [('por', 1.0)])"
33419,"('Burung gagak berdatangan ke AS saat pandemi COVID-19', 'Crows flock to the US during the COVID-19 pandemic', [('msa', 1.0)])","[(1589968380.0, 'https://periksafakta.afp.com/video-ini-memperlihatkan-kawanan-burung-hitam-di-texas-pada-tahun-2016#c49a2d821b8f9d8c5d532bbd08b0e597')]","('Video ini memperlihatkan kawanan burung hitam di Texas pada tahun 2016', 'This video shows a flock of blackbirds in Texas in 2016', [('msa', 1.0)])"
14893,"('A man charged with murder in NC is the younger brother of George Floyd', 'A man charged with murder in NC is the younger brother of George Floyd', [('eng', 1.0)])","[(1618432031.0, 'https://www.usatoday.com/story/news/factcheck/2021/04/14/fact-check-man-charged-nc-murder-not-george-floyds-brother/7223238002/#d68f4bbb67a30c3467eee85b6ae7e8a7')]","(""Fact check: Man charged with murder in North Carolina is not George Floyd's brother"", ""Fact check: Man charged with murder in North Carolina is not George Floyd's brother"", [('eng', 1.0)])"
205718,"('í˜ˆì•• ì •ìƒìˆ˜ì¹˜, í•œêµ­ë§Œ 120/80mmHgë‹¤.', 'Normal blood pressure is 120/80 mmHg in Korea alone.', [('kor', 1.0)])","[(1617002880.0, 'https://factcheckkorea.afp.com/hyeolab-jeongsangsuci-hangugman-12080mmhg-sasil-anim-who-poham-segye-gaggug-bogeon-danggug-jeongsang#d3e79205ef53d05b01b4c3a32264d5ff')]","('í˜ˆì•• ì •ìƒìˆ˜ì¹˜, í•œêµ­ë§Œ 120/80mmHg? ì‚¬ì‹¤ ì•„ë‹˜â€¦ WHO í¬í•¨, ì„¸ê³„ ê°êµ­ ë³´ê±´ ë‹¹êµ­ ì •ìƒ í˜ˆì•• 120/80mmHg ë¯¸ë§Œ ê¶Œê³ ', 'Blood pressure normal value, 120/80mmHg only in Korea? not true... WHO and other health authorities around the world recommend a normal blood pressure of less than 120/80 mmHg', [('kor', 1.0)])"
93800,"('NicolÃ¡s Maduro se fotografiÃ³ con una camiseta del candidato chileno Gabriel Boric', 'NicolÃ¡s Maduro was photographed with a shirt of the Chilean candidate Gabriel Boric', [('spa', 1.0)])","[(1638896640.0, 'https://factual.afp.com/http%253A%252F%252Fdoc.afp.com%252F9U74EQ-1#a02abd86edf541787e02cd30fe4b25ba')]","('El tuit de Maduro con una camiseta del candidato chileno Gabriel Boric es un doble montaje', ""Maduro's tweet with a t-shirt of the Chilean candidate Gabriel Boric is a double montage"", [('spa', 1.0)])"
125004,"(""Thailand's former prime minister gave public speech on economic impact of coronavirus pandemic"", ""Thailand's former prime minister gave public speech on economic impact of coronavirus pandemic"", [('eng', 1.0)])","[(1601530980.0, 'https://factcheck.afp.com/misleading-claim-circulates-online-video-shows-thailands-exiled-former-pm-giving-speech-economic#e06b9ddd5e1d8bd65b4edac32d8b28eb')]","('Misleading claim circulates online that video shows Thailandâ€™s exiled former PM giving speech on economic impact of coronavirus pandemic', 'Misleading claim circulates online that video shows Thailandâ€™s exiled former PM giving speech on economic impact of coronavirus pandemic', [('eng', 1.0)])"
98645,"('Os Simpsons previram o coronavÃ­rus hÃ¡ 27 anos em episÃ³dio de 1993', 'The Simpsons predicted the coronavirus 27 years ago in a 1993 episode', [('por', 1.0)])","[(1583356140.0, 'https://checamos.afp.com/os-simpsons-realmente-fizeram-uma-parodia-sobre-um-virus-ficticio-mas-uma-das-imagens-foi-manipulada#1446577536896fed3460d7844878cb73')]","('â€œOs Simpsonsâ€ realmente fizeram uma parÃ³dia sobre um vÃ­rus fictÃ­cio, mas uma das imagens foi manipulada e nÃ£o Ã© de 1993', 'â€œThe Simpsonsâ€ did actually parody a fictional virus, but one of the images was manipulated and is not from 1993', [('por', 1.0)])"
89410,"('Ministro das RelaÃ§Ãµes Exteriores do Brasil Ernesto AraÃºjo publicou no Twitter que ""nÃ£o Ã© hora de combater a fome, a misÃ©ria, muito menos o analfabetismo""', 'Brazilian Foreign Minister Ernesto AraÃºjo tweeted that ""this is not the time to fight hunger, poverty, much less illiteracy""', [('por', 1.0)])","[(1567629180.0, 'https://checamos.afp.com/nao-tuite-foi-publicado-em-conta-que-satiriza-o-ministro-das-relacoes-exteriores#e0c6ffa1562195f9c3c89c548aa1e939')]","('NÃ£o, tuÃ­te foi publicado em conta que satiriza o ministro das RelaÃ§Ãµes Exteriores', 'No, the tweet was published on an account that satirizes the Minister of Foreign Affairs', [('por', 1.0)])"
49036,"('EU chce ÄlenskÃ½m stÃ¡tÅ¯m odebrat suverenitu', 'The EU wants to take away the sovereignty of the member states', [('ces', 1.0)])","[(1592429160.0, 'https://napravoumiru.afp.com/ne-evropska-unie-se-nechysta-zbavit-sve-clenske-staty-suverenity#7e306ce434d361b676d89a51aed713e1')]","('Ne, EvropskÃ¡ unie se nechystÃ¡ zbavit svÃ© ÄlenskÃ© stÃ¡ty suverenity', 'No, the European Union is not going to strip its member states of their sovereignty', [('ces', 1.0)])"
87280,"('Mascarillas se pueden esterilizar con vapor de agua hervida coronavirus COVID-19', 'Masks can be sterilized with boiled water vapor coronavirus COVID-19', [('spa', 1.0)])","[(1587767880.0, 'https://factual.afp.com/el-vapor-de-agua-hirviendo-no-esteriliza-las-mascarillas-desechables-y-dana-su-material#b18b11322dd5973ff2d95191b779f63c')]","('El vapor de agua hirviendo no esteriliza las mascarillas desechables y daÃ±a su material', 'Boiling water vapor does not sterilize disposable masks and damages their material', [('spa', 1.0)])"
133436,"('ToĞ²Ğ° Ğµ ÑĞ½Ğ¸Ğ¼ĞºĞ° Ğ½Ğ° Ğ Ğ¾Ğ¼Ğ°Ğ½ ĞŸÑ€Ğ¾Ñ‚Ğ°ÑĞµĞ²Ğ¸Ñ‡?', 'Is this a picture of Roman Protasevich?', [('bul', 1.0)])","[(1624302240.0, 'https://proveri.afp.com/http%253A%252F%252Fdoc.afp.com%252F9CQ8KK-1#026a6690c243398e300892f372bedb14')]","('ĞšĞ°Ğº Ğ°Ñ€ĞµÑÑ‚ÑƒĞ²Ğ°Ğ½Ğ¸ÑÑ‚ Ğ±ĞµĞ»Ğ°Ñ€ÑƒÑĞºĞ¸ Ğ°ĞºÑ‚Ğ¸Ğ²Ğ¸ÑÑ‚ ĞŸÑ€Ğ¾Ñ‚Ğ°ÑĞµĞ²Ğ¸Ñ‡ ÑÑ‚Ğ°Ğ½Ğ° Ğ¼Ğ¸ÑˆĞµĞ½Ğ° Ğ½Ğ° Ğ´ĞµĞ·Ğ¸Ğ½Ñ„Ğ¾Ñ€Ğ°Ğ¼Ñ†Ğ¸Ğ¾Ğ½Ğ½Ğ° ĞºĞ°Ğ¼Ğ¿Ğ°Ğ½Ğ¸Ñ', 'How the arrested Belarusian activist Protasevich became the target of a disinformation campaign', [('bul', 1.0)])"
37489,"('Chinese man fights with Kenyan worker', 'Chinese man fights with Kenyan worker', [('eng', 1.0)])","[(1626893460.0, 'https://factcheck.afp.com/http%253A%252F%252Fdoc.afp.com%252F9FH63T-1#55250d572dd45e0feadfc6a857c6b786')]","('This video was taken at a mining site in Sierra Leone, not Kenya', 'This video was taken at a mining site in Sierra Leone, not Kenya', [('eng', 1.0)])"
136832,"('Un decreto de orden pÃºblico deja por fuera los testigos electorales', 'A public order decree leaves out electoral witnesses', [('spa', 1.0)])","[(1653864300.0, 'https://factual.afp.com/doc.afp.com.32BJ6CG#081083a8a7dfba54f8450bb68caf4b42')]","('El decreto de orden pÃºblico para las presidenciales colombianas sÃ­ menciona a los testigos electorales', 'The public order decree for the Colombian presidential elections does mention electoral witnesses', [('spa', 1.0)])"
45670,"('Dieses Foto zeigt die Inszenierung von Corona mit Puppen in Krankenhausbetten.', 'This photo shows the staging of Corona with puppets in hospital beds.', [('deu', 1.0)])","[(1610615280.0, 'https://faktencheck.afp.com/dieses-foto-zeigt-eine-krankenpflegeschule-keine-falschen-corona-patienten#167830c22fac2a4d05a6600ebf7258a8')]","('Dieses Foto zeigt eine Krankenpflegeschule, keine falschen Corona-Patienten', 'This photo shows a nursing school, not fake corona patients', [('deu', 1.0)])"
53828,"('Esta foto mostra um soldado israelense atacando um jovem palestino', 'This photo shows an Israeli soldier attacking a young Palestinian', [('por', 1.0)])","[(1573241280.0, 'https://checamos.afp.com/homem-fotografado-imobilizando-jovem-e-integrante-de-forca-policial-chilena#95c9f2e1d4fbeba8009970039387b760')]","('Homem fotografado imobilizando jovem Ã© integrante de forÃ§a policial chilena', 'Man photographed immobilizing young man is member of Chilean police force', [('por', 1.0)])"
144330,"(""Video shows footage of elephant colliding with Sri Lankan actor's vehicle"", ""Video shows footage of elephant colliding with Sri Lankan actor's vehicle"", [('eng', 1.0)])","[(1657206780.0, 'https://factcheck.afp.com/doc.afp.com.32DV837#3ce8bdbaa20dc7450b1e6f5e930fc4e9')]","(""Video of car hitting elephant in Thailand shared in false posts about 'Sri Lankan actor crash'"", ""Video of car hitting elephant in Thailand shared in false posts about 'Sri Lankan actor crash'"", [('eng', 1.0)])"
96585,"('O jornalista Alexandre Garcia escreveu o texto sobre o presidente Jair Bolsonaro que comeÃ§a dizendo ""Eu nÃ£o peÃ§o desculpas pelo que estou postando, pois Ã© realmente assim como me sinto""', 'Journalist Alexandre Garcia wrote the text about President Jair Bolsonaro that begins by saying ""I don\'t apologize for what I\'m posting, because that\'s really how I feel""', [('por', 1.0)])","[(1623701640.0, 'https://checamos.afp.com/alexandre-garcia-negou-autoria-do-texto-que-diz-que-bolsonaro-e-humilhado-pela-midia#cf63a81b01018e5d7feef978ee391560')]","('Alexandre Garcia negou a autoria do texto que diz que Bolsonaro Ã© â€œhumilhado pela mÃ­diaâ€', 'Alexandre Garcia denied the authorship of the text that says Bolsonaro is â€œhumiliated by the mediaâ€', [('por', 1.0)])"
62054,"('Garis putih yang ditinggalkan pesawat terbang di langit adalah chemtrail yang menyebarkan Covid-19', 'The white lines that airplanes leave in the sky are the chemtrails that spread Covid-19', [('msa', 1.0)])","[(1645527720.0, 'https://periksafakta.afp.com/doc.afp.com.323N48P#f0445229613dbf7f25964920936a11d8')]","(""Postingan membagikan klaim salah bahwa 'chemtrail menyebarkan Covid-19'"", ""Posts share false claims that 'chemtrail spreads Covid-19'"", [('msa', 1.0)])"
79680,"('LO QUE NOS DEJO EL PERONISMO 3 MILLONES DE EXTRANJEROS VIVIENDO DEL ANSES DE LOS JUBILADOS Argentina', 'WHAT PERONISM LEFT US 3 MILLION FOREIGNERS LIVING FROM THE ANSES OF RETIRES Argentina', [('spa', 1.0)])","[(1568048580.0, 'https://factual.afp.com/en-los-principales-programas-sociales-en-argentina-los-beneficiarios-extranjeros-son-menos-del-10#742d7bc1656d255ab8f0007a38ecd7d6')]","('En los principales programas sociales en Argentina los beneficiarios extranjeros son menos del 10%', 'In the main social programs in Argentina, foreign beneficiaries are less than 10%', [('spa', 1.0)])"
45280,"('Die Johns Hopkins University habe bestÃ¤tigt, dass mit Theragrippern heimlich Impfungen per WattestÃ¤bchen durchgefÃ¼hrt werden kÃ¶nnten, etwa bei PCR-Tests.', 'Johns Hopkins University has confirmed that theragrippers could secretly be used to carry out vaccinations using cotton swabs, for example in PCR tests.', [('deu', 1.0)])","[(1617148680.0, 'https://correctiv.org/faktencheck/2021/03/31/nein-es-werden-keine-corona-impfungen-mit-theragrippern-auf-wattestaebchen-verabreicht/#a166440742fc35e98387a1d5fb7cf713')]","('Nein, es werden keine Corona-Impfungen mit â€Theragrippernâ€œ auf WattestÃ¤bchen verabreicht', 'No, no corona vaccinations with ""Theragrippers"" on cotton swabs are administered', [('deu', 1.0)])"
136850,"('Un diputado oficialista argentino dijo que ""los negros"" votaron al kirchnerismo', 'An Argentine pro-government deputy said that ""blacks"" voted for Kirchnerism', [('spa', 1.0)])","[(1568055240.0, 'https://factual.afp.com/segun-un-analisis-la-voz-del-audio-que-circula-en-las-redes-no-es-la-del-candidato-intendente#9903de73feae9a20ee12fafab56ef50d')]","('SegÃºn un anÃ¡lisis, la voz del audio que circula en las redes no es la del candidato a intendente argentino', 'According to an analysis, the voice of the audio that circulates on the networks is not that of the candidate for Argentine mayor', [('spa', 1.0)])"
22195,"('Aircraft smuggling gold out of Nigeria', 'Aircraft smuggling gold out of Nigeria', [('eng', 1.0)])","[(1616171820.0, 'https://factcheck.afp.com/video-shows-plane-used-drug-smuggling-and-seized-army-guatemala#7b91e7bad76cba666cc7e4c61d40bf97')]","('Video shows a plane used for drug smuggling and seized by the army in Guatemala', 'Video shows a plane used for drug smuggling and seized by the army in Guatemala', [('eng', 1.0)])"
95957,"('NÄ›meÄtÃ­ zdravotnÃ­ci na fotografii varujÃ­ pÅ™ed oÄkovÃ¡nÃ­m', 'German health workers in the photo warn against vaccination', [('ces', 1.0)])","[(1637765340.0, 'https://napravoumiru.afp.com/http%253A%252F%252Fdoc.afp.com%252F9TA89T-1#8052755889f5410af00c75ef5c7f35fa')]","('NÄ›meÄtÃ­ zdravotnÃ­ci nevarovali pÅ™ed oÄkovÃ¡nÃ­m, fotografie byla zmanipulovÃ¡na', 'German health workers did not warn against vaccination, the photo was manipulated', [('ces', 1.0)])"
205447,"('ë¯¸êµ­ íŠ¸ëŸ¼í”„ ëŒ€í†µë ¹ì´ ê³„ì—„ë ¹ì„ ì„ í¬í–ˆë‹¤.', 'US President Donald Trump has declared martial law.', [('kor', 1.0)])","[(1610597640.0, 'https://factcheckkorea.afp.com/mei-teureompeu-daetongryeong-gyeeomryeong-seonpo-oraedoen-sajin-jalmos-inyong-gwanryeon-balpyobodo#3b41a2d17c6d11f11a0cd96de8f0525a')]","('ç¾ íŠ¸ëŸ¼í”„ ëŒ€í†µë ¹, ê³„ì—„ë ¹ ì„ í¬? ì˜¤ë˜ëœ ì‚¬ì§„ ì˜ëª» ì¸ìš©â€¦ ê´€ë ¨ ë°œí‘œÂ·ë³´ë„ ì—†ì–´', 'US President Trump Declares Martial Law? Misquoting an old photo... No related announcements or reports', [('kor', 1.0)])"
74949,"('Jean-Yves le Drian, ministre franÃ§ais des Affaires Ã©trangÃ¨res, a assurÃ© que le prÃ©sident congolais Felix Tshisekedi ne respectait ""pas ses engagements""', 'Jean-Yves le Drian, French Minister of Foreign Affairs, assured that Congolese President Felix Tshisekedi did not ""respect his commitments""', [('fra', 1.0)])","[(1608228840.0, 'https://factuel.afp.com/crise-politique-en-rdc-quand-les-fake-news-jettent-de-lhuile-sur-le-feu#ee0a5556288f7fab578e3f052e624b2d')]","('Crise politique en RDC: quand les ""fake news"" jettent de lâ€™huile sur le feu', 'Political crisis in the DRC: when ""fake news"" throws oil on the fire', [('fra', 1.0)])"
89559,"('Misil Iran yang disiapkan setelah komandan militer Qasem Soleimani dibunuh Amerika', 'Iranian missiles prepared after military commander Qasem Soleimani was killed by America', [('msa', 1.0)])","[(1579062240.0, 'https://periksafakta.afp.com/foto-misil-iran-ini-sudah-beredar-di-internet-setidaknya-sejak-sekitar-2013#a664f33fda11665afa0fd4b012d4dfe8')]","('Foto misil Iran ini sudah beredar di internet setidaknya sejak sekitar 2013', 'This photo of the Iranian missile has been circulating on the internet since at least around 2013', [('msa', 1.0)])"
147732,"('VÃ­deo mostra um mÃ­ssil provocando a segunda explosÃ£o que devastou Beirute LÃ­bano em 4 de agosto de 2020', 'Video shows a missile triggering the second explosion that devastated Beirut Lebanon on Aug 4, 2020', [('por', 1.0)])","[(1596745620.0, 'https://checamos.afp.com/o-video-de-um-missil-provocando-explosoes-em-beirute-e-uma-montagem#b4cb75369240fed5bd961eb0b7f746a8')]","('O vÃ­deo de um mÃ­ssil provocando explosÃµes em Beirute Ã© uma montagem', 'The video of a missile causing explosions in Beirut is a montage', [('por', 1.0)])"
80020,"('La Lista 1 tiene mÃ¡s votos que AndrÃ©s Arauz en las elecciones de Ecuador', 'List 1 has more votes than AndrÃ©s Arauz in the Ecuadorian elections', [('spa', 1.0)])","[(1613083200.0, 'https://factual.afp.com/en-ecuador-el-voto-por-la-asamblea-y-la-presidencia-se-realiza-en-listas-y-escrutinios-diferentes#d3e7afd61006f369a46524260f5bad80')]","('En Ecuador el voto por la Asamblea y la Presidencia se realiza en listas y escrutinios diferentes', 'In Ecuador, the vote for the Assembly and the Presidency is carried out in different lists and ballots', [('spa', 1.0)])"
17654,"('A presidente do PT Gleisi Hoffmann disse que a seca no Nordeste ""Ã© cultural, quase um patrimÃ´nio e nÃ£o deve ser destruÃ­da""', 'PT president Gleisi Hoffmann said the drought in the Northeast ""is cultural, almost a heritage and should not be destroyed""', [('por', 1.0)])","[(1617922500.0, 'https://checamos.afp.com/gleisi-hoffmann-nao-disse-que-seca-no-nordeste-e-cultural-e-falso-o-tuite-viralizado#81ea114dfd9695a270cef3a4c2d9d51c')]","('Gleisi Hoffmann nÃ£o disse que a seca no Nordeste Ã© â€œculturalâ€; Ã© falso o tuÃ­te viralizado', 'Gleisi Hoffmann did not say that the drought in the Northeast is â€œculturalâ€; the viral tweet is fake', [('por', 1.0)])"
107784,"('Por si acaso alguien tiene el efecto adverso de la viruela del mono, es la vacuna covid. Y sÃ³lo en ese tema se puede ingerir Hidroxicloroquina. Hace dÃ©cadas que existe la cura de la viruela del mono, no se necesita ninguna vacuna', ""Just in case someone has the adverse effect of monkeypox, it's the covid vaccine. And only on that subject can you ingest Hydroxychloroquine. Monkeypox cure has been around for decades, no vaccine needed"", [('spa', 1.0)])","[(1654712880.0, 'https://factual.afp.com/doc.afp.com.32C48Q6#6ee8af3a78cdee7543881abbe721b786')]","('La viruela del mono no es consecuencia de las vacunas anticovid ni se cura con hidroxicloroquina', 'Monkeypox is not a consequence of anticovid vaccines nor is it cured with hydroxychloroquine', [('spa', 1.0)])"
36534,"('Cet instrument a Ã©tÃ© utilisÃ© par les esclavagistes europÃ©ens au 19e siÃ¨cle', 'This instrument was used by European slavers in the 19th century', [('fra', 1.0)])","[(1631022660.0, 'https://factuel.afp.com/http%253A%252F%252Fdoc.afp.com%252F9LY6RV-1#cc1f1447814d0e76739f0c0d1da5ebbd')]","('Non, la ""poire d\'angoisse"" n\'est pas un instrument de torture utilisÃ© par les esclavagistes europÃ©ens', 'No, the ""pear of anguish"" is not an instrument of torture used by European slavers', [('fra', 1.0)])"
32997,"(""Brigitte Macron au chevet d'enfants malades sans masque ni geste barriÃ¨re"", 'Brigitte Macron at the bedside of sick children without mask or barrier gesture', [('fra', 1.0)])","[(1611077760.0, 'https://factuel.afp.com/attention-ces-photos-ne-montrent-pas-brigitte-macron-sans-masque-dans-un-hopital-en-pleine-pandemie#255cc50f2d534612a1b905e3e4d2e387')]","('Attention, ces photos ne montrent pas Brigitte Macron sans masque dans un hÃ´pital en pleine pandÃ©mie', 'Please note, these photos do not show Brigitte Macron without a mask in a hospital in the midst of a pandemic', [('fra', 1.0)])"
54380,"('Este video es de un hospital en Maracaibo, Venezuela', 'This video is from a hospital in Maracaibo, Venezuela', [('spa', 1.0)])","[(1596218820.0, 'https://factual.afp.com/el-video-de-un-hospital-saturado-de-pacientes-es-real-pero-es-de-guatemala-no-de-venezuela#7b8693fc9faee873187cc59b69621049')]","('El video de un hospital saturado de pacientes es real; pero es de Guatemala, no de Venezuela', 'The video of a hospital saturated with patients is real; but he is from Guatemala, not from Venezuela', [('spa', 1.0)])"
175992,"('Ù…ÙŠÙ„Ø§Ø¯ ÙŠÙˆØ³Ù ÙŠØªØ¹Ø±Ø¶ Ù„Ù„Ø¶Ø±Ø¨ Ø§Ø«Ø± Ù…Ø´Ø§Ø¬Ø±Ø© Ù…Ø¹ 4 Ø´Ø¨Ø§Ø¨ ÙÙŠ Ù…Ù†Ø·Ù‚Ù‡ Ø§Ù„Ù…Ø²Ø© Ø§Ù„Ø¯ÙˆÙ„Ù‡ ÙÙŠ Ø¯Ù…Ø´Ù‚', 'Milad Youssef is beaten after a quarrel with 4 young men in the Mazzeh Al-Dawla area in Damascus', [('ara', 1.0)])","[(1645631700.0, 'https://factual.afp.com/ar/doc.afp.com.323R3CZ#9b4c623c432fad070b65814e80b6c792'), (1645631700.0, 'https://factuel.afp.com/ar/doc.afp.com.323R3CZ#9b4c623c432fad070b65814e80b6c792')]","('Ù‡Ø°Ù‡ Ø§Ù„ØµÙˆØ±Ø© Ù„Ø§ ØªØ¸Ù‡Ø± ØªØ¹Ø±Ù‘Ø¶ Ø§Ù„Ù…Ù…Ø«Ù„ Ø§Ù„Ø³ÙˆØ±ÙŠ Ù…ÙŠÙ„Ø§Ø¯ ÙŠÙˆØ³Ù Ù„Ù„Ø¶Ø±Ø¨ Ø¨Ù„ Ù‡ÙŠ Ù…Ù† Ù…Ø´Ù‡Ø¯ ØªÙ…Ø«ÙŠÙ„ÙŠ', 'This picture does not show that the Syrian actor Milad Youssef was beaten, but rather it is from a representative scene', [('ara', 1.0)])"
27991,"('Aushang am Linzer Hauptbahnhof gibt Verhaltenshinweise fÃ¼r Frauen', 'Notice at the main train station in Linz gives instructions on how to behave for women', [('deu', 1.0)])","[(1649254200.0, 'https://faktencheck.afp.com/doc.afp.com.327T3DT#56f55bae54ad25c8d52e4f684f6003a0')]","('Dieses Hinweisschild am Linzer Hauptbahnhof ist eine FÃ¤lschung', 'This information sign at the main train station in Linz is a fake', [('deu', 1.0)])"
