post_id,instances,ocr,verdicts,text
24723,"[(1582446695.0, 'fb')]",[],['False information'],"('à¶¶à·”à¶»à·Šà¶šà·à·€à¶§ à·€à·’à¶»à·à¶°à¶º  à¶¸à¶­à·”à·€à·’à¶º à¶ºà·”à¶­à·Šà¶­à·š à¶‰à·ƒà·Šà¶½à·à¶¸à·Š à·ƒà·Šà¶­à·Š\u200dà¶»à·’à¶º à¶­à·”à¶½à·’à¶±à·Šà¶¸ à¶¸à·’à·ƒ à·ƒà·’à¶‚à·„à¶½ à¶¶à·à¶¯à·Šà¶° à¶´à·”à¶»à·”à·‚à¶ºà· à¶­à·”à¶½à·’à¶±à·Š à¶±à·œà·€à·š ğŸ‡±ğŸ‡°â¤ï¸ğŸ¤Ÿ', 'The opposition to the burqa should come from the Islamic woman and not from the Sinhala Buddhist man ğŸ‡±ğŸ‡°â¤ï¸ğŸ¤Ÿ', [('sin', 1.0)])"
13102,"[(1495137115.0, 'fb')]","[('LESBIAN\nGAY\nBISEXUAL\nTRANSGENDER\nPEDOSEXUAL\nLGBTP\nEQUALITY & ACCEPTANCE', 'LESBIAN\nGAY\nBISEXUAL\nTRANSGENDER\nPEDOSEXUAL\nLGBTP\nEQUALITY & ACCEPTANCE', [('eng', 0.792663037776947), ('spa', 0.1587858945131302)])]",['False information'],"('LGBTP y LGBTPZ prÃ³ximas ampliaciones de siglas de la secta progresista.', 'LGBTP and LGBTPZ next extensions of acronyms of the progressive sect.', [('spa', 1.0)])"
2569,"[(1584466101.0, 'fb')]","[('à¶…à¶´à·’ à¶šà·à¶§à¶­à·Š.\nà¶¯à·€à·ƒà¶š à¶¸à¶»à¶«à¶º\nà¶‹à¶»à·”à¶¸à¶ºà·’..\nà¶’à¶­à·Š,\nà¶¸à·š à·€à·’à¶¯à·’à¶ºà¶§ à·€à·™à¶¯à·Šà¶¯à·“\nà·„à·’à¶­à¶§ à¶œà·œà¶©à¶šà·Š\nà¶¯à·”à¶šà¶ºà·’..\nà¶¸à·š à¶‰à¶­à·à·€à¶ºà·š', 'To all of us.\nOne day death\nInherited..\nBut,\nIn this way\nA lot to mind\nSad..\nThis time', [('sin', 0.9348880052566528)])]",['False information'],
8362,"[(1574512286.0, 'tw')]",[],[],"('Dentro del marco de la ResoluciÃ³n 1373 #ONUğŸ‡ºğŸ‡³ Colombia ğŸ‡¨ğŸ‡´ pidiÃ³ refuerzos a #USAğŸ‡ºğŸ‡¸ para COMBATIR el TERRORISMO y el vandalismo de PETRO, del Foro de SÃ£o Paulo y de los grupos terroristas FARC y ELN que hacen vida en Vz ğŸ‡»ğŸ‡ª se ESPECULA que pueden enviar los AVIONES âœˆï¸ NO TRIPULADOS https://t.co/vYIfb359JD', 'Within the framework of Resolution 1373 #ONUğŸ‡ºğŸ‡³ Colombia ğŸ‡¨ğŸ‡´ requested reinforcements from #USAğŸ‡ºğŸ‡¸ to FIGHT TERRORISM and vandalism by PETRO, the SÃ£o Paulo Forum and the FARC and ELN terrorist groups that make life in Vz ğŸ‡» ğŸ‡ª SPECULATES that they can send the PLANES âœˆï¸ UNMANNED https://t.co/vYIfb359JD', [('spa', 1.0)])"
11042,"[(1612118431.0, 'fb')]",[],['False information'],"(""GrÃ¶ÃŸten Respekt vor den Polizisten, die Nehammer's lautstarke Befehle Ã¼ber Bord warfen, die Helme ablegten und mit den BÃ¼rgern gemeinsam spaziertenğŸ‘ğŸ‘ğŸ‘"", ""Greatest respect for the police officers who threw Nehammer's loud orders overboard, who took off their helmets and walked together with the citizens ğŸ‘ğŸ‘ğŸ‘"", [('deu', 1.0)])"
6116,"[(1600752319.0, 'fb')]",[],['False information'],"('Astagafirullah sukabumi berduka...ğŸ˜­', 'Oh my God, Sukabumi is sad...ğŸ˜­', [('msa', 1.0)])"
15757,"[(1581549109.0, 'fb')]","[(""Renseignements tÃ©lÃ©phoniques\n118 612\n*\nService 2,99â‚¬ + 2,99â‚¬ / min\n+ prix appel\nOuvert aujourd'hui\nService privÃ© fourni par DemarchesAdministratives.fr\nRÃ©fugiÃ©s.info:\nUne plateforme\npour aider les\nrÃ©fugiÃ©s dans\nleurs\ndÃ©marches\nadministratives"", 'Telephone information\n118,612\n*\nServing â‚¬2.99 + â‚¬2.99/min\n+ call price\nOpen today\nPrivate service provided by DemarchesAdministratives.fr\nRefugees.info:\nA platform\nto help the\nrefugees in\ntheir\nprocedures\nadministrative', [('fra', 0.8661001324653625), ('eng', 0.10185027867555618)])]",['Partly false information'],"(""Oh une nouvelle plateforme telephonique !!\nPour des refugiÃ©s en demande d'asile.\nA 3 euros la minute.\n\n3.putain.d'euros.la.minute.\n\nVous Ãªtes des des barbares dans ce gouvernement."", 'Oh a new phone platform!!\nFor refugees seeking asylum.\nAt 3 euros per minute.\n\n3.fucking.euros.a.minute.\n\nYou are barbarians in this government.', [('fra', 1.0)])"
2824,"[(1358460329.0, 'fb')]",[],['False information and graphic content'],"('""Durante uma tourada, o toureiro sentiu-se mal. Teve tonturas e precisou de se sentar. Antes que alguÃ©m interferisse, o touro - que tinha sido agredido pelo prÃ³prio toureiro ao longo desse ""espectÃ¡culo"" (que tanto entretÃ©m gente de fraca cultura e com falta de humanidade) - apiedou-se do homem, parou diante dele e, para surpresa geral, ficou simplesmente a olhar para ele.\n\nO touro, como que sentindo o sofrimento do toureiro, foi solidÃ¡rio e ficou ao lado dele, sem recorrer a qualquer tipo de violÃªncia. Observem que o touro jÃ¡ tinha recebido diversas farpas no torso.\n\nResta a questÃ£o: afinal de contas, quem Ã© o animal?""\nSE TAMBÃ‰M Ã‰S CONTRA AS TOURADAS PARTILHA VAMOS CRIAR UM MOVIMENTO E ACABAR COM ISTO !', '""During a bullfight, the bullfighter felt sick. He felt dizzy and needed to sit down. Before anyone interfered, the bull - who had been attacked by the bullfighter himself during that ""show"" (which entertained people of poor culture and lacking in humanity) - took pity on the man, stopped in front of him and, to everyone\'s surprise, simply stared at him.\n\nThe bull, as if sensing the bullfighter\'s suffering, was sympathetic and stayed by his side, without resorting to any kind of violence. Note that the bull had already received several barbs on the torso.\n\nThe question remains: after all, who is the animal?""\nIF YOU\'RE AGAINST BULLFIGHTING TOO SHARE LET\'S CREATE A MOVEMENT AND END IT!', [('por', 1.0)])"
13074,"[(1569272191.0, 'fb')]",[],['False information'],"('LEALTADES CIEGAS AL SISTEMA FAMILIAR.ğŸ™ğŸŒ·\n\nEste niÃ±o en la fotografÃ­a es Jack Ma, el hombre mÃ¡s rico de China, Ã©l fue rechazado de 30 empleos. Ã‰l nunca dejo de soÃ±ar. Jack Ma hoy tiene mÃ¡s de 50 aÃ±os y mÃ¡s de 23 mil millones de dÃ³lares. ...\n \nUna frase que dice: ""Nacer pobre no es tu responsabilidad, morir pobre si"".\nUna frase de Carl Jung dice: ""No eres responsable de la programaciÃ³n recibida ""llamÃ©se como programaciÃ³n: ""educaciÃ³n, forma de  crianza y creencias""  pero si eres responsable de solucionarla! Sanarla, cambiarla"".\n\nTrabajar las lealtades ciegas inconscientes con nuestro sistema familia se hace fundamental  para salir de los patrones repetitivos. Este hombre se animÃ³ a ser rico pero para eso tuvo que dejar de pensar igual que su sistema familiar...\n\nEn constelaciones familiares  se le llama lealtades ciegas cuando no nos animamos a tener mÃ¡s que nuestro sistema familiar, a ser mÃ¡s feliz que nuestro sistema familiar, a vivir mÃ¡s cÃ³modamente que nuestro sistema familiar. Existe una especie de incomodidad si uno vive experiencias mÃ¡s placenteras que sus padres y si se las vive se las vive con mucha culpa. Hay una lealtad ciega que nos hace vivir la abundancia  con culpa por ejemplo, pero eso tiene una explicaciÃ³n y ella es el miedo a dejar de pertenecer. Existe  una especie de boicot que nos hacemos a nosotros mismos por dicha lealtad ciega, que se lo llama amor ciego. \n\nQue significa esto? \n\nPrefiero quedarme pobre, tonto, loco, incÃ³modo igual que vive mi familia de origen con tal  de seguir perteneciendo al clan, con tal de seguir pareciendome a todos ellos en su forma de pensar, sentir y actuar, para no sentirme excluido y poder seguir unido a ellos.\n\nSi en mi familia todas las mujeres fueron abandonadas por los hombres, yo irÃ© directo a buscar hombres abandonadores, con estÃ¡ lealtad ciega yo siento que pertenezco y me parezco a todas las mujeres de mi familia, pero si vivo con una pareja sana yo vivirÃ© con culpa estÃ¡ relaciÃ³n, boicoteando mi mundo sentimental. \n\nSi en mi familia siempre se viviÃ³ carencia econÃ³mica, yo esquivare inconscientemente los trabajos que me convienen para no crecer. Si tengo un buen trabajo lo vivire con culpa, si tengo una casa mejor que la que tienen mis padres, me darÃ¡ culpa y en lo mÃ¡s profundo sentirÃ© que los deshonrÃ³, si logrÃ³ cosas mejores que ellos. \n\nTrabajar estÃ¡s creencias inconscientes hacen una enorme diferencia en nuestra vida! ğŸ™ŒğŸ»', 'BLIND LOYALTIES TO THE FAMILY SYSTEM.ğŸ™ğŸŒ·\n\nThis boy in the photograph is Jack Ma, the richest man in China, he was turned down from 30 jobs. He never stopped dreaming. Jack Ma today is over 50 years old and worth more than 23 billion dollars. ...\n \nA phrase that says: ""Being born poor is not your responsibility, dying poor is.""\nA phrase by Carl Jung says: ""You are not responsible for the programming received"" call it as programming: ""education, upbringing and beliefs"" but you are responsible for solving it! Heal it, change it.""\n\nWorking on unconscious blind loyalties with our family system is essential to get out of repetitive patterns. This man dared to be rich but for that he had to stop thinking the same as his family system...\n\nIn family constellations it is called blind loyalties when we do not dare to have more than our family system, to be happier than our family system, to live more comfortably than our family system. There is a kind of discomfort if one lives more pleasant experiences than their parents and if they live them, they live with a lot of guilt. There is a blind loyalty that makes us experience abundance with guilt, for example, but that has an explanation and it is the fear of not belonging. There is a kind of boycott that we do to ourselves for such blind loyalty, which is called blind love.\n\nWhat does this mean?\n\nI prefer to stay poor, stupid, crazy, uncomfortable just like my family of origin lives in order to continue belonging to the clan, in order to continue to resemble all of them in their way of thinking, feeling and acting, so as not to feel excluded and to be able to remain united to them.\n\nIf in my family all the women were abandoned by men, I will go straight to look for abandoning men, with this blind loyalty I feel that I belong and I look like all the women in my family, but if I live with a healthy partner I will live with fault is relationship, boycotting my sentimental world.\n\nIf my family has always experienced economic deprivation, I will unconsciously avoid the jobs that are convenient for me so as not to grow. If I have a good job I will live with guilt, if I have a better house than my parents have, I will feel guilty and deep down I will feel that I have dishonored them, if I have achieved better things than them.\n\nWorking these unconscious beliefs make a huge difference in our lives! ğŸ™ŒğŸ»', [('spa', 1.0)])"
14424,"[(None, 'fb')]",[],[],"('Medicos caen mientras operan al coronavirus. La transmisiÃ³n es inmediata.', 'Doctors fall while operating on the coronavirus. Transmission is immediate.', [('spa', 1.0)])"
23092,"[(None, 'fb')]",[],[],"('Ø¨Ø§Ø±ÙŠØ³ ØªØªØ¶Ø§Ù…Ù† Ù…Ø¹ Ø§Ù„Ø¹Ø±Ø§Ù‚ ğŸ‡«ğŸ‡· ğŸ‡®ğŸ‡¶â¤ï¸ ÙˆØªØ¶ÙŠØ¦ Ø¨Ø±Ø¬ Ø¥ÙŠÙÙ„ Ø¨Ù„ÙˆÙ† Ø§Ù„Ø¹Ù„Ù… Ø§Ù„Ø¹Ø±Ø§Ù‚ÙŠ  Ø¨Ø¯Ø¡ Ø§Ù„Ø¹Ø§Ù„Ù… ÙŠØ³Ù…Ø¹ ØµÙˆØªÙ†Ø§ âœŒï¸ğŸ‡®ğŸ‡¶Paris solidarity with Iraq ğŸ‡«ğŸ‡· ğŸ‡®ğŸ‡¶â¤ï¸\nAnd Light The Eiffel Tower in the color of the Iraqi flag\n\nStarting the world hear our voice âœŒï¸ğŸ‡®ğŸ‡¶Translated', 'Paris stands in solidarity with Iraq ğŸ‡«ğŸ‡· ğŸ‡®ğŸ‡¶â¤ï¸ And lights the Eiffel Tower in the color of the Iraqi flag The world begins to hear our voice âœŒï¸ğŸ‡®ğŸ‡¶ Paris solidarity with Iraq ğŸ‡«ğŸ‡· ğŸ‡®ğŸ‡¶â¤ï¸\nAnd Light The Eiffel Tower in the color of the Iraqi flag\n\nStarting the world hear our voice âœŒï¸ğŸ‡®ğŸ‡¶Translated', [('ara', 1.0)])"
18929,"[(1594245633.0, 'fb')]","[(',,DÄšTI BUDEME ÄŒIPOVAT, I KDYBY\nSE RODIÄŒE NA HLAVU STAVÄšLI"",\nÅ˜ÃKÃ MINISTR CHLÃDEK\nRodiÄe si musÃ­ uvÄ›domit, Å¾e dÄ›ti\njsou majetkem stÃ¡tu a ten nad\nnimi musÃ­ mÃ­t kontrolu, stejnÄ› tak\njako nad kaÅ¾dÃ½m jinÃ½m obÄanem.\nCESTYKSOBE.CZ\nCHLÃDEK:\nÄŒIPOVÃNÃ DÄšTÃ ...\ni\nÄŒlÃ¡nkyPoselstvÃ­,\nSvÄ›telnÃ© bytosti a\nhoroskopyVÃ½zvyAkt...', '""WE WILL CHIP THE CHILDREN, EVEN IF\nTHE PARENTS STAND ON THEIR HEAD"",\nSAYS THE MINISTER OF COOL\nParents must realize that children\nthey are the property of the state and the one above\nthey must be in control as well\nas over every other citizen.\nCESTYKSOBE.CZ\nCOOLER:\nCHIPPING CHILDREN...\nand\nArticlesMessage,\nLight beings a\nHoroscopesChallengesAct...', [('ces', 0.8694826364517212), ('slk', 0.07635258883237839)])]",['False information'],"('TO SNAD NE.!!! ğŸ˜¡ğŸ˜¡ğŸ˜¡\nDOUFÃM, Å½E Å½ÃDNÃ Z MINISTRÅ® NEPÅ®JDE CESTOU, KTEROU NÃM KÃZAL CHLÃDEK.', 'I HOPE NOT.!!! ğŸ˜¡ğŸ˜¡ğŸ˜¡\nI HOPE THAT NONE OF THE MINISTERS WILL TAKE THE WAY THE COLD PREACHED TO US.', [('ces', 1.0)])"
23054,"[(1570648555.0, 'fb')]",[],['False information'],"('Ø§Ù†Ø·Ù„Ø§Ù‚ Ø­Ù…Ù„Ø© Ø§Ù„Ù…Ù‚Ø±ÙˆÙ†Ù‡  ÙŠØ±ÙØ¹ Ø¹Ù„Ù… Ø§Ø³Ø±Ø§Ø¦ÙŠÙ„ ...Ù„Ø¹Ù†Ø© Ø§Ù„Ù„Ù‡ Ø¹Ù„ÙŠÙ‡Ù… Ø¨Ù†ÙŠ ØµÙ‡ÙŠÙˆÙ† ÙˆÙƒÙ„ Ù…Ù† ÙŠØ³Ø§Ù†Ø¯Ù‡Ù…', 'The launch of the Al-Maqrona campaign raises the flag of Israel...God curse them, the Children of Zion, and all those who support them', [('ara', 1.0)])"
16630,"[(1602414396.0, 'fb')]","[(""Daniel Andrews Net Worth\nDaniel Andrews estimated Net Worth,\nSalary, Income, Cars, Lifestyles & many more\ndetails have been updated below. Let's check,\nHow Rich is Daniel Andrews in 2019-2020?\nAccording to Wikipedia, Forbes, IMDb &\nVarious Online resources, famous Politician\nDaniel Andrews's net worth is $91 Million at\nthe age of 47 years old. He earned the money\nbeing a professional Politician. He is from\nAustralia.\nDaniel Andrews's Net Worth:\n$91 Million"", ""Daniel Andrews Net Worth\nDaniel Andrews estimated Net Worth,\nSalary, Income, Cars, Lifestyles & many more\ndetails have been updated below. Let's check,\nHow Rich is Daniel Andrews in 2019-2020?\nAccording to Wikipedia, Forbes, IMDb &\nVarious Online resources, famous Politician\nDaniel Andrews's net worth is $91 Million at\nthe age of 47 years old. He earned the money\nbeing a professional Politician. He is from\nAustralia.\nDaniel Andrews's Net Worth:\n$91 Million"", [('eng', 1.0)])]",['False information'],"('Please Explain how you got this money being a public servant', 'Please Explain how you got this money being a public servant', [('eng', 1.0)])"
18133,"[(1619645032.0, 'fb')]","[('VOX\nMadrid\nvox a retweetÃ©\nVOX Madrid @madrid_vox-2 h\nPeriodistas progres que se van de\nEspaÃ±a y acaban siendo vÃ­ctimas de los\nque nosotros no queremos que vengan.\nAsÃ­ acaban los que defienden a\nterroristas y a menas. Son sus propios\nverdugos.', ""VOX\nMadrid\nvox a retweet\nVOX Madrid @madrid_vox-2h\nProgressive journalists leaving\nSpain and end up being victims of the\nthat we don't want them to come.\nThis is how those who defend\nterrorists and ores. are their own\nexecutioners."", [('spa', 0.7954503297805786), ('eng', 0.14118385314941406), ('fra', 0.0547010712325573)])]",['Partly false information'],"('Se puede ser mas repulsivo?', 'Can it be more repulsive?', [('spa', 1.0)])"
9724,"[(1585520485.0, 'fb')]","[('LIBERAÃ‡ÃƒO DA CLOROQUINA/HIDROXICLOROQUINA\nPELA ANVISA, JÃ COM POSOLOGIA PARA\nTRATAMENTO DA COVID-19\nMOVIMENTO\nMOVIMENTO\nREPUBLICAS CURITIBA\nREPUBLICADECURITIBA', 'RELEASE OF CHLOROKINE/HYDROXYCHLOROQUINE\nBY ANVISA, ALREADY WITH DOSAGE FOR\nTREATMENT OF COVID-19\nMOVEMENT\nMOVEMENT\nREPUBLICS CURITIBA\nREPUBLICADECURITIBA', [('por', 0.7528848052024841), ('eng', 0.13266339898109436), ('ita', 0.11445179581642151)])]",['Partly false information'],"('Enquanto a imprensa espalha a desgraÃ§a Bolsonaro e Mandetta trabalham pelo Brasil.', 'While the press spreads disgrace Bolsonaro and Mandetta work for Brazil.', [('por', 1.0)])"
20769,"[(None, 'fb')]",[],[],"('Viral !! Ribuan burung gagak berdatangan di kota texas, amerika Setelah menyerang kota wuhan, china', 'Viral !! Thousands of crows arrive in the city of Texas, America After attacking the city of Wuhan, China', [('msa', 1.0)])"
10764,"[(1617587952.0, 'fb')]",[],['False information'],"('GEORGE FLOYD\'S BROTHER ARRESTED IN EAST COAST SHOOTING\n\nGeorge Floyd\'s younger brother, Dejywan Floyd, has been arrested in North Carolina for a ""road rage"" shooting of a white couple, killing the mother of six sitting in the passenger seat.\n\n', 'GEORGE FLOYD\'S BROTHER ARRESTED IN EAST COAST SHOOTING\n\nGeorge Floyd\'s younger brother, Dejywan Floyd, has been arrested in North Carolina for a ""road rage"" shooting of a white couple, killing the mother of six sitting in the passenger seat.\n\n', [('eng', 1.0)])"
26646,"[(None, 'fb')]","[('í˜ˆì•• ì •ìƒìˆ˜ì¹˜\n140/100\n(mmHg)\nWHO ì„±ì¸ í˜ˆì•• ê¶Œê³ ì¹˜ ì…ë‹ˆë‹¤\ní•œêµ­ë§Œ 120/80....ì•½ íŒ”ì•„ ë¨¹ê¸°ìœ„í•´\nì˜ì‚¬í˜‘íšŒì˜ ì••ë ¥ì´ ì´ë ‡ê²Œ ë§‰ê°• í•©ë‹ˆë‹¤', 'normal blood pressure\n140/100\n(mmHg)\nWHO recommendations for adult blood pressure\nOnly in Korea 120/80....To sell medicine\nThe pressure of the medical association is so strong', [('kor', 0.8084405064582825), ('eng', 0.08726327866315842)])]",[],"('ì•„ì´ê³ ...', 'Gosh...', [('kor', 1.0)])"
1542,"[(1638399985.0, 'fb')]","[('NicolÃ¡s Maduro\n@Nicolas Maduro\nPor la patria grande, nuestro total\napoyo desde Venezuela al compaÃ±ero\nGabriel Boric.\nBORIC\n.\n20:35 30-11-21 Twitter Media Studio\nBORIC\nsuunta\n.\n:\nBOOK', 'Nicholas Maduro\n@NicolasMaduro\nFor the great country, our total\nsupport from Venezuela to the comrade\nGabriel Boric.\nBORICS\n.\n20:35 30-11-21 Twitter Media Studio\nBORICS\nsuunta\n.\n:\nbook', [('spa', 0.5932992696762085), ('eng', 0.3599553108215332), ('fin', 0.011295064352452755)])]",['Altered photo'],
25147,"[(None, 'fb')]",[],[],"('à¸£à¸°à¸”à¸±à¸šà¹‚à¸¥à¸! à¸—à¸±à¸à¸©à¸´à¸“ à¸Šà¸´à¸™à¸§à¸±à¸•à¸£ à¹„à¸”à¹‰à¸£à¸±à¸šà¹€à¸Šà¸´à¸à¸ˆà¸²à¸à¹€à¸§à¸—à¸µà¹‚à¸¥à¸à¹€à¸à¸·à¹ˆà¸­à¸§à¸´à¹€à¸„à¸£à¸²à¸°à¸«à¹Œà¸à¸²à¸£à¸›à¸£à¸±à¸šà¸•à¸±à¸§à¸—à¸²à¸‡à¹€à¸¨à¸£à¸©à¸à¸à¸´à¸ˆà¹à¸¥à¸°à¸˜à¸¸à¸£à¸à¸´à¸ˆà¸‚à¸­à¸‡à¹‚à¸¥à¸à¸«à¸¥à¸±à¸‡à¹‚à¸„à¸§à¸´à¸”-19World class! Taksin Shinawatra invited by the world stage to analyse global economic adaptation and business after COVID-19Translated', 'World class! Thaksin Shinawatra invited by the world stage to analyze global economic adaptation and business after COVID-19Translated', [('tha', 1.0)])"
15453,"[(1643646525.0, 'fb'), (1581010873.0, 'fb')]",[],['False information'],"('NÃ£o acredito! Eles acertam tudo! ğŸ˜±', ""I don't believe! They get everything right! ğŸ˜±"", [('por', 1.0)])"
10169,"[(1567369506.0, 'fb')]","[('Ernesto AraÃºjo\n@ermestofaraujo\nNÃ£o Ã© hora de combater a\nfome, a misÃ©ria, muito menos\no analfabetismo.\nÃ‰ hora de combater o PT e o\ncomunisno. Vamos juntos!', ""Ernesto AraÃºjo\n@ermestofaraujo\nIt's not time to fight\nhunger, misery, much less\nilliteracy.\nIt's time to fight the PT and the\ncommunist. Let's go together!"", [('por', 0.8817551136016846), ('eo', 0.11824487149715424)])]",['False information'],"('Estou me contendo em compartilhar absurdos e loucuras deste DESgoverno comandado por escÃ³rias humanas, tentando assim cuidar da minha saÃºde, mas como aguentar ISSO?', ""I'm holding back from sharing absurdities and madness of this DISgovernment commanded by human scum, trying to take care of my health, but how can I put up with THIS?"", [('por', 1.0)])"
20937,"[(1590907750.0, 'fb')]",[],['False information.'],"('VÃZVA PRO CELÃ ÄŒESKÃ NÃROD !!! ROZÅ IÅ˜UJTE JAK SE DÃ !!!\nPolskÃ¡ tv stanice TVP INFO informovala polskÃ© obÄany o tom, co EU, USA a\nNATO ""upekly"".\nSamozÅ™ejmÄ›, hlÃ¡snÃ¡ trouba protektorÃ¡tnÃ­ho reÅ¾imu v Praze, ÄŒT24, nÃ¡m,\nobÄanÅ¯m ÄŒeskÃ© republiky, ""zapomnÄ›la"" tuto informaci pÅ™inÃ©st.\nNa setkÃ¡nÃ­ VisegrÃ¡dskÃ© skupiny v Praze pÅ™edloÅ¾il Frank-Walter Steinmeir\ndevÃ­tistrÃ¡nkovÃ½ dokument vzniku EvropskÃ©ho superstÃ¡tu.\nÄŒlenskÃ© stÃ¡ty se vzdajÃ­:\n1) vlastnÃ­ armÃ¡dy, vlastnÃ­ch tajnÃ½ch sluÅ¾eb, vlastnÃ­ho zÃ¡konodÃ¡rstvÃ­,\nvlastnÃ­ho daÅˆovÃ©ho systÃ©mu, vlastnÃ­ mÄ›ny\n2) kontroly nad stÃ¡tnÃ­ hranicÃ­ vÄetnÄ› systÃ©mu a procedury vpouÅ¡tÄ›nÃ­ a\nrelokace migrantÅ¯\n3) vytvoÅ™enÃ­ spoleÄnÃ©ho vÃ­zovÃ©ho systÃ©mu, spoleÄnou zahraniÄnÃ­ politiku\ntransformace NATO\nV preambuli textu vlÃ¡dy Francie a NÄ›mecka oznamujÃ­:\n""NaÅ¡e stÃ¡ty sdÃ­lejÃ­ spoleÄnÃ© pÅ™edurÄenÃ­ a spoleÄnÃ½ Å¾ebÅ™Ã­Äek hodnot, kterÃ©\ndÃ¡vajÃ­ pÅ™edpoklad jeÅ¡tÄ› hlubÅ¡Ã­mu sjednocenÃ­ naÅ¡eho obyvatelstva.\nBudeme tedy usilovat o politickou unii v EvropÄ› a zveme dalÅ¡Ã­ Evropany k\npÅ™ipojenÃ­ k projektu.""\n* Vznikne spoleÄnÃ¡ armÃ¡da â€European Security Compactâ€ na principu \nâ€ohroÅ¾enÃ­ jednoho stÃ¡tu/ohroÅ¾enÃ­ vÅ¡ech stÃ¡tÅ¯\n* RozvÄ›dka a kontrarozvÄ›dka bude podÅ™Ã­zena jednomu centru* Bude \nzvÄ›tÅ¡ena pravomoc â€EvropskÃ©ho veÅ™ejnÃ©ho Å¾alobceâ€œ a vznikne jednotnÃ½ \ntrestnÃ­ zÃ¡kon\n* NÃ¡rodnÃ­ stÃ¡ty nebudou mÃ­t prÃ¡vo rozhodovat o migraci a nebudou mÃ­t \nvlastnÃ­ azylovou politiku\n* RozmÃ­stÄ›nÃ­ migrantÅ¯ bude povinnÃ© a bude respektovat rovnomÄ›rnÃ© \nrozdÄ›lovÃ¡nÃ­ uprchlÃ­kÅ¯ a nÃ¡rodnÃ­ stÃ¡ty to nebudou moci odmÃ­tnout.\n\n* NÄ›mecko a Francie uÅ¾ ve jmÃ©nu EU zaÄaly jednat se severoafrickÃ½mi \nzemÄ›mi na nejvyÅ¡Å¡Ã­ Ãºrovni o pravidlech migrace a rozÅ¡Ã­Å™enÃ­ dialogu na toto \ntÃ©ma\n Bude zavedena jednotnÃ¡ mÄ›na euro pro vÅ¡echny ÄlenskÃ© zemÄ›, otÃ¡zka \nneznÃ­ zda, ale kdy bude pÅ™ijato\n* Bude zaveden jednotnÃ½ daÅˆovÃ½ systÃ©m a bude odstranÄ›na konkurence \nv daÅˆovÃ©m systÃ©mu mezi jednotlivÃ½mi zemÄ›miâ€¦â€œ\nTo je tak ve zkratce vÅ¡echno. TakÅ¾e je to tu, vÃ¡Å¾enÃ­.\nKdyÅ¾ jsem to Äetl, vzpomnÄ›l jsem si okamÅ¾itÄ› na \nMnichovskou dohodu 1938â€¦\nTohle je naÅ¡e prostÃ¡ likvidace a podle vÅ¡eho evidentnÃ­ pÅ™Ã­prava na vÃ¡lku. Je\nto otevÅ™enÃ¡ realizace NovÃ©ho svÄ›tovÃ©ho Å™Ã¡du v EvropÄ› /NWO/.\nCelÃ½ text s nÃ­mÅ¾ Steinmeier vystoupÃ­ v Praze si mÅ¯Å¾ete pÅ™eÄÃ­st tady:\nhttp://www.tvp.info/25939587/(http://www.tvp.info/25939587/)\n[2] (polsky)\nNezdÃ¡ se, Å¾e by Å¡lo se o fake, nebo hoax. TVP INFO je polskÃ¡ veÅ™ejnoprÃ¡vnÃ­\ntelevize.\nA o tomto vÅ¡em by mÄ›li za nÃ¡s rozhodovat souÄasnÃ­ samozvanÃ­ psychopati, \nco jsou v celÃ© EU?\nNo s pÃ¡nem bohem!!â€¦\nTak uÅ¾ vÃ­m, proÄ VelkÃ¡ BritÃ¡nie vycouvala z EU.\nTakÃ© proÄ zaÄÃ­nÃ¡ aktivnÄ› couvat MaÄarsko.\nMy zatÃ­m stÃ¡le lezeme nÄ›komu do â€¦â€¦\nKolik naÅ¡i pÅ™edstavitelÃ© za to dostanou, asi dost a potom se vytratÃ­ nÄ›kde\ndo bezpeÄÃ­. \n\nMgr. Karel HlisnÃ­kovskÃ½\nprÃ¡vnÃ­k odboru\nMagistrÃ¡t mÄ›sta Ostravy\nOdbor dopravnÄ› sprÃ¡vnÃ­ch ÄinnostÃ­.\n30. dubna 635/35, 701 98 Ostrava\nT + 420 599 444 870\nE khlisnikovsky@ostrava.cz(mailto:khlisnikovsky@ostrava.cz)\nwww.ostrava.com(http://www.ostrava.com/)\nTak to uÅ¾ nenÃ­ Å¾Ã¡dnÃ¡ sranda!!\nPÅ™eposÃ­lat, bojovat proti (hlavnÄ› pak nevolit vÃ­taÄe \nmigrantÅ¯, celou poÄetnou pleÃ¡duâ€œÄŒechÅ¯â€œ (tuto \npÅ™Ã­sluÅ¡nost si nezaslouÅ¾Ã­), jejichÅ¾ ÄÃ¡steÄnÃ½ seznam je \nv pÅ™Ã­loze pod nÃ¡zvem â€ÄŒeÅ¡i vlastizrÃ¡dci, kteÅ™Ã­ jdou \nproti svÃ© zemi a svÃ©mu nÃ¡roduâ€œ)!!\nPÅ™ipomeÅˆte si i dalÅ¡Ã­ zÃ¡vaÅ¾nÃ© ÄlÃ¡nky a dokumenty, \nkterÃ© obsahujÃ­ texty ohroÅ¾ujÃ­cÃ­ naÅ¡i stÃ¡tnÃ­, nÃ¡rodnÃ­ i\nnÃ¡rodnostnÃ­ identitu, svobodu a svrchovanost.\nVÃZVA PRO CELÃ ÄŒESKÃ NÃROD!!! ROZÅ IÅ˜UJTE JAK SE DÃ!!!\nA preto ta hysteria okolo BabiÅ¡a a Zemana ze strany naÅ¡Ã­ch pravicovÃ½ch,\npardon ""US demokratickÃ½ch sil.""', 'CHALLENGE FOR THE ENTIRE CZECH NATION!!! SPREAD AS MUCH AS YOU CAN !!!\nThe Polish TV station TVP INFO informed Polish citizens about what the EU, USA and\nNATO ""baked"".\nOf course, the mouthpiece of the protectorate regime in Prague, ÄŒT24, us,\ncitizens of the Czech Republic, ""forgot"" to bring this information.\nFrank-Walter Steinmeir presented at the meeting of the Visegrad Group in Prague\na nine-page document on the creation of the European superstate.\nMember States shall waive:\n1) own army, own secret services, own legislation,\nown tax system, own currency\n2) controls over the state border, including the system and procedure of entry a\nrelocation of migrants\n3) creation of a common visa system, a common foreign policy\nNATO transformation\nIn the preamble to the text, the governments of France and Germany announce:\n""Our states share a common destiny and a common scale of values which\nthey provide a prerequisite for an even deeper unification of our population.\nSo we will strive for a political union in Europe and invite other Europeans to\nconnection to the project.""\n* A common army ""European Security Compact"" will be created based on the principle\n""a threat to one state/a threat to all states\n* Intelligence and counter-intelligence will be subordinated to one center* It will be\nthe powers of the ""European Public Prosecutor"" have been increased and a single one will be created\nCriminal Law\n* Nation states will not have the right to decide on migration and they will not\nown asylum policy\n* The distribution of migrants will be mandatory and will respect equal\ndistribution of refugees and nation states will not be able to refuse it.\n\n* Germany and France have already started negotiating with the North Africans on behalf of the EU\ncountries at the highest level on migration rules and extending the dialogue to this\ntopic\n Will a single euro currency be introduced for all member countries, question\nnot if, but when it will be accepted\n* A unified tax system will be introduced and competition will be eliminated\nin the tax system between individual countriesâ€¦â€\nThat\'s all in a nutshell. So here it is, folks.\nWhen I read it, I immediately thought of\nThe Munich Agreement of 1938â€¦\nThis is our simple liquidation and, by all accounts, an obvious preparation for war. Yippee\nit is the open realization of the New World Order in Europe /NWO/.\nYou can read the entire text with which Steinmeier will speak in Prague here:\nhttp://www.tvp.info/25939587/(http://www.tvp.info/25939587/)\n[2] (Polish)\nIt does not appear to be a fake or a hoax. TVP INFO is a Polish public broadcaster\nTV.\nAnd all of this should be decided for us by today\'s self-proclaimed psychopaths,\nwhat are they across the EU?\nWell, by God!!â€¦\nNow I know why Great Britain backed out of the EU.\nAlso why is Hungary starting to actively back down.\nWe are still climbing into someone\'s â€¦â€¦\nHow much do our representatives get for it, probably enough, and then they disappear somewhere\nto safety.\n\nM.Sc. Karel HlisnÃ­kovskÃ½\nunion lawyer\nCity Hall of Ostrava\nDepartment of Transport Administrative Activities.\nApril 30, 635/35, 701 98 Ostrava\nT + 420 599 444 870\nE khlisnikovsky@ostrava.cz (mailto: khlisnikovsky@ostrava.cz)\nwww.ostrava.com(http://www.ostrava.com/)\nIt\'s no fun anymore!!\nForward, fight against (mainly don\'t choose the greeter\nmigrants, the entire numerous pleiad of ""Czechs"" (this\ndoes not deserve membership), a partial list of which is\nin the appendix under the title ""Czech traitors who go\nagainst his country and his people"")!!\nAlso remind yourself of other important articles and documents,\nwhich contain texts threatening our state, national i\nnational identity, freedom and sovereignty.\nCHALLENGE FOR THE ENTIRE CZECH NATION!!! SPREAD AS MUCH AS YOU CAN!!!\nAnd that\'s why the hysteria about BabiÅ¡ and Zeman on the part of our rightists,\nsorry ""US democratic forces.""', [('ces', 1.0)])"
5905,"[(1585783181.0, 'ig')]",[],[],"('Ante la escasez de #mascarillas ,aquÃ­ les dejo un video para que puedan esterilizar las que tienen en casa en tan solo 5 min...', ""Given the shortage of #masks, here's a video so you can sterilize the ones you have at home in just 5 min..."", [('spa', 1.0)])"
22689,"[(1621877251.0, 'fb')]",[],['False information'],"('ĞÑ€ĞµÑÑ‚ÑƒĞ²Ğ°Ğ½Ğ¸ÑÑ‚ Ğ±ĞµĞ»Ğ°Ñ€ÑƒÑĞºĞ¸ ""Ğ¾Ğ¿Ğ¾Ğ·Ğ¸Ñ†Ğ¸Ğ¾Ğ½ĞµÑ€"" Ğ Ğ¾Ğ¼Ğ°Ğ½ ĞŸÑ€Ğ¾Ñ‚Ğ°ÑĞµĞ²Ğ¸Ñ‡.', 'The arrested Belarusian ""oppositionist"" Roman Protasevich.', [('bul', 1.0)])"
17650,"[(1623245143.0, 'fb')]",[],['False information'],"(""Respect Africans & you'll be Respected. Don't rattle us!"", ""Respect Africans & you'll be Respected. Don't rattle us!"", [('eng', 1.0)])"
16136,"[(1653543070.0, 'fb')]","[('Twitter mobile.twitter.com 13 min\n.\nDavid Rozo\nURGENTE: Â¿Ya se enteraron que el Gobierno\nNacional expidiÃ³ un decreto de orden\npÃºblico que deja por fuera los testigos electorales\ny elimina el uso de dispositivos electrÃ³nicos para\nreportar irregularidades en las elecciones de este\ndomingo? GravÃ­simo. EstÃ¡n preparando fraude.\n<', 'Twitter mobile.twitter.com 13 min\n.\nDavid Rozo\nURGENT: Have you heard that the Government\nNational issued a decree of order\npublic that leaves out electoral witnesses\nand eliminates the use of electronic devices for\nreport irregularities in the elections of this\nSunday? Very serious. They are preparing fraud.\n<', [('spa', 0.8878616094589233), ('sv', 0.10848035663366318)])]",['False information'],"('POR FAVOR VERFICAR ESTA INFORMACIÃ“N. DE SER CIERTA GRAVÃSIMO, ESTARÃAN ATENTANDO CONTRA LOS RESULTADOS ELECTORALES...', 'PLEASE VERIFY THIS INFORMATION. IF TRUE, VERY SERIOUS, THEY WOULD BE ATTEMPTING AGAINST THE ELECTORAL RESULTS...', [('spa', 1.0)])"
12201,"[(1608190096.0, 'fb')]",[],['False information'],"('Irgendetwas stimmt doch mit diesen Corona-Patienten nicht. ğŸ¤”\n\nSchau dir die 3 Patienten mal an!\n\nMehr Fake geht nicht!', 'Something is wrong with these corona patients. ğŸ¤”\n\nLook at the 3 patients!\n\nMore fake is not possible!', [('deu', 1.0)])"
17915,"[(1571011497.0, 'fb')]",[],['False information'],"('SOLDADO DO EXÃ‰RCITO DA OCUPAÃ‡ÃƒO SIONISTA ATACA VIOLENTAMENTE UM GAROTO PALESTINO.', 'ZIONIST OCCUPATION ARMY SOLDIER VIOLENTLY ATTACKS A PALESTINE BOY.', [('por', 1.0)])"
24663,"[(1656988585.0, 'fb')]","[('m\nà¶¢à·à¶šà·Šà·ƒà¶±à·Š à¶‡à¶±à·Šà¶­à¶±à·“ à¶¸à·„à¶­à·\nà¶…à¶±à¶­à·”à¶»à¶§ à¶´à¶­à·Š à·€à·” à·€à·“à¶©à·’à¶ºà·à·€\nc]\n1*10k\nTik Tok\nchs', 'm\nMr. Jackson Anthony\nVideo of the accident\nc]\n1*10k\nTik Tok\nchs', [('sin', 0.7618273496627808)])]",['False information'],"('à¶¢à·à¶šà·Šà·ƒà¶±à·Š à¶‡à¶±à·Šà¶­à¶±à·“ à¶¸à·„à¶­à· à¶…à¶±à¶­à·”à¶»à¶§ à¶´à¶­à·Š à·€à·“à¶©à·’à¶ºà·à·€', 'Mr. Jackson Anthony accident video', [('sin', 1.0)])"
7705,"[(1555947912.0, 'ig')]",[],['Partly False'],"('ComentÃ¡rio do jornalista Alexandre Garcia: JÃ¡ sobrevivi a 08 eleiÃ§Ãµes presidenciais no Brasil antes de nosso atual presidente Bolsonaro. Em toda a minha vida, nunca vi ou ouvi falar de um presidente sendo examinado sobre cada palavra que ele fala, humilhado pela mÃ­dia atÃ© a desgraÃ§a, caluniado, ridicularizado, insultado, ameaÃ§ado de morte.\nEstou verdadeiramente envergonhado da mÃ­dia do meu paÃ­s. Tenho vergonha dos insuportÃ¡veis inimigos de Bolsonaro, que nÃ£o tÃªm moral, Ã©tica ou valores, e da irresponsabilidade dos repÃ³rteres que acham que tÃªm o direito de opinar pessoalmente apenas para influenciar suas audiÃªncias em uma direÃ§Ã£o negativa, mesmo se nÃ£o houver qualquer verdade em sua mensagem. \nTodos os outros presidentes foram eleitos e fizeram o juramento de posse, eles foram autorizados a tentar servir este paÃ­s sem um constante escrutÃ­nio negativo de nossas fontes de notÃ­cias. SEMPRE PRESSIONADO enquanto as fontes de notÃ­cias buscam apenas resultados negativos a seu respeito. Isso nÃ£o servirÃ¡ ao povo de nosso paÃ­s, nem criarÃ¡ brasileiros informados. BASTA!! CHEGA!! ACABOU!! O POVO DE BEM ACORDOU!\nNÃ£o canso de repetir,se vocÃª estÃ¡ num aviÃ£o e nÃ£o gosta do piloto, vocÃª nÃ£o torce pra ele cair, torce? ENTÃƒO FAÃ‡A-ME O FAVOR!!! Todos que entraram tiveram paz e tempo para trabalhar. Vamos nos unir pelo bem do nosso Brasil. Chega disso! Vamos torcer para que tudo dÃª certo. De coisas erradas, jÃ¡ estamos vindo desde tempos atrÃ¡s. VocÃª pode nÃ£o gostar do presidente, mas torcer contra sua pÃ¡tria, contra seu povo e contra vocÃª mesmo Ã© muita canalhice.\nPor favor, saiba que esta Ã© a minha opiniÃ£o e nÃ£o estÃ¡ aberta para debate. Se vocÃª nÃ£o concorda, Ã© sua prerrogativa, mas eu nÃ£o vou responder a nenhum dos comentÃ¡rios. (Jornalista ALEXANDRE GARCIA) #alexandregarcia #jornalista #Bolsonaro2022\n#repost @bolsolet', ""Comment by journalist Alexandre Garcia: I have survived 08 presidential elections in Brazil before our current president Bolsonaro. In all my life, I have never seen or heard of a president being scrutinized on every word he speaks, humiliated by the media to disgrace, slandered, ridiculed, insulted, threatened with death.\nI am truly ashamed of my country's media. I am ashamed of Bolsonaro's insufferable enemies, who have no morals, ethics or values, and the irresponsibility of reporters who think they have the right to have a personal opinion just to influence their audiences in a negative direction, even if there is no truth in their message. .\nAll the other presidents were elected and sworn in, they were allowed to try to serve this country without constant negative scrutiny from our news sources. ALWAYS PRESSED while news sources seek only negative results about you. This will not serve the people of our country, nor will it create informed Brazilians. ENOUGH!! HE ARRIVES!! ENDED!! THE GOOD PEOPLE WAKE UP!\nI don't get tired of saying it again, if you're on a plane and you don't like the pilot, you don't hope he crashes, do you? THEN DO ME A FAVOR!!! Everyone who entered had peace and time to work. Let's unite for the good of our Brazil. Enough of that! Let's hope that everything works out. From wrong things, we've been coming since ages ago. You may not like the president, but cheering against your country, against your people and against yourself is a lot of scoundrels.\nPlease know that this is my opinion and not open for debate. If you don't agree, that's your prerogative, but I won't respond to any of the comments. (Journalist ALEXANDRE GARCIA) #alexandregarcia #journalist #Bolsonaro2022\n#repost @bolsolet"", [('por', 1.0)])"
7148,"[(1644288514.0, 'fb')]",[],['False information'],"('CHAMTRAIL SUDAH DISEBAR ?\n\nWASPADA & BERSIAPLAH WARGA KOTA BANDUNG, MINGGU DEPAN AKAN DI MULAI LAGI BANYAK ORANG SAKIT & MENINGGAL KRN DI COVID KAN OLEH SENJATA BIOLOGI YANG SUDAH DI TEBAR MELALUI UDARA\n\nSUDAH ADA PERINGATAN KAN AKAN ADA PERUBAHAN CUACA SEBELUMNYA...?!\n\nFAHAM KHAAANNN !!\n\nğŸ˜¡ğŸ‘ŠğŸ‘Š', ""ARE THE CHAMTRAILS DELIVERED?\n\nBE AWARE & BE PREPARED CITIZENS OF BANDUNG CITY, NEXT WEEK WILL BE STARTED AGAIN MANY PEOPLE ARE SICK & DIE ABOUT COVID BY BIOLOGICAL WEAPONS THAT HAVE BEEN SPREADED THROUGH THE AIR\n\nTHERE'S ALREADY A WARNING THERE WILL BE A CHANGES IN THE WEATHER BEFORE...?!\n\nUNDERSTAND KHAANNN!!\n\nï¸"", [('msa', 1.0)])"
13125,"[(None, 'fb')]","[('Â¿SabÃ­as que el 43,5% de los\nbeneficiarios de Planes\nSociales son extranjeros? Por\neso, queremos la deportaciÃ³n de\nlos piqueteros/planeros extranjeros\nPALO\nCompartÃ­, si querÃ©s su deportaciÃ³n', 'Did you know that 43.5% of\nplan beneficiaries\nSocial are foreigners? By\nthat, we want the deportation of\nthe foreign piqueteros/planeros\nSTICK\nI shared, if you want his deportation', [('spa', 0.981766402721405)])]",[],"('LO QUE NOS DEJO EL PERONISMO 3 MILLONES DE EXTRANJEROS VIVIENDO DEL ANSES DE LOS JUBILADOS.-', 'WHAT PERONISM LEFT US 3 MILLION FOREIGNERS LIVING ON THE ANSES OF RETIRED.-', [('spa', 1.0)])"
5139,"[(1570294034.0, 'fb')]",[],['False information'],"('ACHTUNG - Johns Hopkins University bestÃ¤tigt: Impfverweigerer kÃ¶nnen mittels PCR-Test geimpft werden!\n\nâ€Inspiriert von einem parasitÃ¤ren Wurm, der seine scharfen ZÃ¤hne in den Darm seines Wirts grÃ¤bt, haben Johns Hopkins-Forscher winzige, sternfÃ¶rmige MikrogerÃ¤te entwickelt, die sich an der Darmschleimhaut festsetzen und Medikamente in den KÃ¶rper abgeben kÃ¶nnen.â€œ\n\nTELEGRAM ZENSIERT NICHT - HIER ABONNIEREN:\nğŸ‘‰ https://t.me/LegitimNews', 'ATTENTION - Johns Hopkins University confirms: People who refuse to vaccinate can be vaccinated using a PCR test!\n\n""Inspired by a parasitic worm that digs its sharp teeth into its host\'s gut, Johns Hopkins researchers have developed tiny, star-shaped micro-devices that can attach to the gut lining and deliver drugs into the body.""\n\nTELEGRAM DOES NOT CENSORE - SUBSCRIBE HERE:\nğŸ‘‰ https://t.me/LegitimNews', [('deu', 1.0)])"
2893,"[(1565748202.0, 'fb')]","[('Este es Guillerme Montenegro.\nCandidato a intendente de Juntos Para el Cambio en General Pueyrredon.', 'This is Guillerme Montenegro.\nCandidate for mayor of Together for Change in General Pueyrredon.', [('spa', 0.7178611159324646), ('por', 0.2821388840675354)])]",['False information'],"('""Los negros eligieron. Les gusta cagar en un balde. Ahora Macri tiene que tratar de dejar todo lo peor posible, que esto explote"". AsÃ­ habla el diputado del PRO y candidato a intendente de Mar del Plata, Guillermo Montenegro. Este audio resume la ""filosofÃ­a"" del macrismo. \nPero el amor le gana al odio siempre.âœŒï¸ğŸ‡¦ğŸ‡·', '""The blacks chose. They like to shit in a bucket. Now Macri has to try to leave everything as bad as possible, let this explode."" This is how the PRO deputy and candidate for mayor of Mar del Plata, Guillermo Montenegro, speaks. This audio summarizes the ""philosophy"" of macrismo.\nBut love beats hate always.âœŒï¸ğŸ‡¦ğŸ‡·', [('spa', 1.0)])"
18177,"[(1615741439.0, 'fb')]",[],['False information'],"('See how they built a bush runway and move gold out of Zamfara. \nSai Baba!!!', 'See how they built a bush runway and move gold out of Zamfara. \nSai Baba!!!', [('eng', 1.0)])"
17047,"[(1637394226.0, 'fb')]","[('Bitte\nU\nlasst\n14:34\n14:39\nWEBUT\neuch\nnicht\nimpfen', 'Please\nu\nleaves\n14:34\n14:39\nWEBUT\nyou\nNot\nvaccinate', [('deu', 0.5720147490501404), ('jv', 0.04721942916512489)])]",['Altered photo'],"('ProsÃ­m nedÃ¡vejte se oÄkovat .', 'Please do not get vaccinated.', [('ces', 1.0)])"
27202,"[(1610270818.0, 'fb')]","[('ë¯¼ì£¼ë‹¹ ì „ì› ê°€íƒì—°ê¸ˆ....í†µì‹ ì°¨ë‹¨\nê²Œì—„ë ¹ ë°œë™', 'All Democrats under house arrest....communication cut off\nInvoke martial law', [('kor', 1.0)])]",['False information'],"('ğŸ’Ÿhttps://youtu.be/2jofnZNO_-M\n\nğŸ’Ÿhttps://m.youtube.com/watch?v=X20-OY1xGJw&feature=youtu.be', 'ğŸ’Ÿhttps://youtu.be/2jofnZNO_-M\n\nğŸ’Ÿhttps://m.youtube.com/watch?v=X20-OY1xGJw&feature=youtu.be', [('und', 1.0)])"
17399,"[(1605354801.0, 'fb')]","[('tropis\nCEREMONIE DE PRESTATION DE SERMENT\nDES JUGES DE LA COUR CONSTITUTIONNELLE', 'tropis\nOATH CEREMONY\nCONSTITUTIONAL COURT JUDGES', [('fra', 0.9608622193336487), ('msa', 0.03913777694106102)])]",['False information'],"(""RDC: FRANCE/ DÃ‰CLARATION DU MINISTRE FRANCE DES AFFAIRES Ã‰TRANGÃˆRES PAR RAPPORT Ã€ LA CRISE POLITIQUE DE LA RDC\n\nLa France ne sera plus le bouclier d'un PrÃ©sident Ã©tiquette. Jean Ives le Drian, ministre France des affaires Ã©trangÃ¨res dÃ©clare: la RDC va mal c'est une Ã©vidence, Ã  dÃ©faut d' Ãªtre illÃ©gitime, nous constatons que le PrÃ©sident FÃ©lix TSHISEKEDI ne respecte pas ses engagements pris avec la FRANCE, ainsi que les intÃ©rÃªts EuropÃ©ennes. DÃ©sormais la politique du Congo et son avenir appartient aux Congolais et il est Ã©vident que le PrÃ©sident FÃ©lix TSHISEKEDI ne finira pas son mandat."", ""DRC: FRANCE/ DECLARATION BY THE FRANCE MINISTER OF FOREIGN AFFAIRS ON THE POLITICAL CRISIS IN THE DRC\n\nFrance will no longer be the shield of a label President. Jean Ives le Drian, France's Minister of Foreign Affairs declares: the DRC is in bad shape, it is obvious, if not illegitimate, we note that President FÃ©lix TSHISEKEDI does not respect his commitments made with FRANCE, as well as the interests Europeans. From now on the policy of Congo and its future belongs to the Congolese and it is obvious that President FÃ©lix TSHISEKEDI will not finish his mandate."", [('fra', 1.0)])"
12197,"[(1578157627.0, 'fb')]","[('S130017\nCGL COLOCCOLECCCC', 'S130017\nCGL COLOCCOLECCCC', [('eng', 1.0)])]",['Partly false information.'],"('Iran sudah mulai menggelar armada militer darat, laut, dan udara, mengarahkan moncong arsenal rudal-rudalnya.\n\nRusia dan China bingung berkali-kali sibuk mencoba melobi Iran supaya menahan diri, namun tidak di gubris.\n\nHanya tersisa waktu 3 hari setelah masa berkabung.\n\nDunia akan segera tahu, berapa harga darah Qasem Soleimani.', ""Iran has already begun deploying a land, sea and air military fleet, aiming the muzzle of its missile arsenal.\n\nRussia and China have been confused and have been busy trying to lobby Iran for restraint, but they have been ignored.\n\nOnly 3 days left after the mourning period.\n\nThe world will soon know how much Qasem Soleimani's blood cost."", [('msa', 1.0)])"
18781,"[(None, 'fb')]",[],[],"('Suposto mÃ­ssel causador da explosÃ£o em Beirute. Que deixou mortos e centenas de feridos.', 'Missile that caused the explosion in Beirut. Which left dead and hundreds injured.', [('por', 1.0)])"
18412,"[(1612763015.0, 'fb')]",[],[],"('Si los asambleÃ­stas de LISTA 1 tienen mÃ¡s del 40% y si el voto fue EN PLANCHA, por quÃ© ARAÃšZ tiene solo 31%?\nAlgo no cuadra. ğŸ¤”', ""If the assembly members of LISTA 1 have more than 40% and if the vote was IN PLAIN, why does ARAÃšZ have only 31%?\nSomething doesn't add up. ğŸ¤”"", [('spa', 1.0)])"
20806,"[(1617750621.0, 'ig')]","[('FOLHA\nMonica Bengamo\nO PT entrou com uma liminar,\npedindo a anulaÃ§Ã£o do Projeto\ndo Bolsonaro com Israel para\nacabar com a seca no\nNordeste, ""a seca no Nordeste\nÃ© cultural, quase um patrimÃ´nio,\ne nÃ£o deve ser destruÃ­da"", disse\nGleisi Hoffmann.\nP', 'LEAF\nMonica Bengamo\nThe PT filed an injunction,\nasking for the cancellation of the project\nof Bolsonaro with Israel to\nend the drought in\nNortheast, ""the drought in the Northeast\nis cultural, almost a heritage,\nand must not be destroyed,"" said\nGleisi Hoffmann.\nP', [('por', 0.8505398035049438), ('cat', 0.08010304719209671), ('ita', 0.06461062282323837)])]",['False'],"('VocÃª nordestino(a) que sofreu a vida toda sem Ã¡gua , olhe atÃ© onde vai o nojo dessa esquerda.\n.\nVia @jbbalianca38', 'You northeastern person who suffered all his life without water, look at where the disgust on this left goes.\n.\nVia @jbbalianca38', [('por', 1.0)])"
9652,"[(1653325087.0, 'fb')]","[('19:12\n7886 de 7919\nâ†‘\nDolquine 200 mg\ncomprimidos recubiertos\nHidroxicloroquina, sulfato\n700680.0\nPor si acaso alguien tiene el efecto adverso\nde la Viruela del mono, es la vacuna covid.\nY sÃ³lo en ese tema se puede ingerir\nHidroxicloroquina.\nevolution Mov\n21.05.22 a las 20:07\n30 comprimidos recubierto\nHace dÃ©cadas que EXISTE LA CURA DE LA\nVIRUELA DEL MONO, POR LO QUE NO SE\nNECESITA NINGUNA VACUNA.\nO\nLes recuerdo que la HIDROXICLOROQUINA no\nsÃ³lo cura el coronavirus, sino que cura todo\ntipo de virus, incluido el virus de la Viruela del\nMono, pues INHIBE LA REPRODUCCIÃ“N DE\nTODOS LOS VIRUS, BACTERIAS Y PARÃSITOS', ""19:12\n7886 of 7919\nâ†‘\nDolquine 200mg\ncoated tablets\nHydroxychloroquine Sulfate\n700680.0\nJust in case someone has the adverse effect\nof Monkeypox, is the covid vaccine.\nAnd only on that topic can you ingest\nHydroxychloroquine.\nevolution Mov\n05.21.22 at 20:07\n30 coated tablets\nTHERE HAS BEEN A CURE FOR DECADES\nMONKEYPOX, SO I DON'T KNOW\nYOU NEED NO VACCINE.\nEITHER\nI remind you that HYDROXYCHLOROQUINE does not\nnot only cure the coronavirus, but cure everything\ntype of virus, including Smallpox virus\nMono, because it INHIBITS THE REPRODUCTION OF\nALL VIRUSES, BACTERIA AND PARASITES"", [('spa', 0.8871141672134399), ('eng', 0.04926225543022156), ('ron', 0.035856157541275024)])]",['False information'],"('En honor y sin perjuicio.\nReservados todos los derechos\nUCC 1-308\nNiego consentimiento a que alguien o algo censure, esconda total o parcialmente la visibilidad de mis publicaciones y/o perfil y/o cuenta; sabiendo que cualquier acciÃ³n que realicen conlleva ademÃ¡s el cÃ³digo UCC 1-301. \nSe encuentran notificados. La Ley no admite ignorancia\n(BJDLN) Bajo JurisdicciÃ³n de Ley Natural-OPPT', 'In honor and without prejudice.\nAll rights reserved\nUCC 1-308\nI deny consent for someone or something to censor, totally or partially hide the visibility of my publications and/or profile and/or account; knowing that any action they carry out also carries the UCC code 1-301.\nThey are notified. The Law does not admit ignorance\n(BJDLN) Under Natural Law Jurisdiction-OPPT', [('spa', 1.0)])"
7449,"[(1630278645.0, 'fb')]","[('Afrique un\npeuple et une\nhistoire', 'africa one\npeople and a\nstory', [('fra', 1.0)])]",[],"(""Ce que l'Occident et L'IMPÃ‰RIALISME religieux n'oseront jamais vous dire ğŸ‘‡ğŸ‘‡\n\nLa poire de l'angoisse!\n\nCet appareil a Ã©tÃ© utilisÃ© par les Esclavagistes EuropÃ©ens, sur les esclaves Noirs dans les annÃ©es 1800. La poire, comme on l'appelait, Ã©tait insÃ©rÃ©e dans le rectum des esclaves mÃ¢les s'ils refusaient le sexe avec leur maÃ®tre.\n\nUne fois insÃ©rÃ©e, la clÃ© serait tournÃ©e jusqu'Ã  ce que la poire soit complÃ¨tement ouverte et causait des dommages importants et mÃªme la mort en guise de punition.\n\nEn ce qui concerne les femmes esclaves, si elles refusaient le sexe avec leur maÃ®tre, la poire Ã©tait insÃ©rÃ©e dans leur orifice sexuelle (provoquant une hÃ©morragie massive et une infertilitÃ©).\n\nPour les esclaves accusÃ©s de mensonge, la poire Ã©tait placÃ©e dans la bouche et la clÃ© Ã©tait tournÃ©e jusqu'Ã  ce que leur mÃ¢choire soit cassÃ©e !\n\nSur Internet, il n'existe presque pas d'Ã©crits concernant les tortures de l'esclavage.\nVeuillez donc partagez tout post que vous trouvez sur l'esclavage pour informer nos frÃ¨res maintenus en ignorance.\n\nNous devons apprendre, connaitre et dÃ©fendre notre vraie histoire sinon le bourreau se fera toujours passer pour la victime et s'attribuera les Ã©loges du chasseur.\n\nC'est la mÃ©connaissance de notre histoire qui explique notre prÃ©sent et dÃ©terminera notre future.."", 'What the West and religious IMPERIALISM will never dare to tell you ğŸ‘‡ğŸ‘‡\n\nThe pear of anguish!\n\nThis device was used by European slavers on black slaves in the 1800s. The pear, as it was called, was inserted into the rectum of male slaves if they refused sex with their master.\n\nOnce inserted, the key would be turned until the pear was fully opened and caused significant damage and even death as punishment.\n\nAs for female slaves, if they refused sex with their master, the pear was inserted into their sexual orifice (causing massive bleeding and infertility).\n\nFor slaves accused of lying, the pear was placed in their mouths and the key was turned until their jaws were broken!\n\nOn the Internet, there are almost no writings about the tortures of slavery.\nSo please share any posts you find on slavery to inform our brothers kept in the dark.\n\nWe must learn, know and defend our true story otherwise the executioner will always pose as the victim and claim the praise of the hunter.\n\nIt is the ignorance of our history that explains our present and will determine our future.', [('fra', 1.0)])"
6971,"[(1610925388.0, 'fb')]",[],['Missing context.'],"('Brigitte Macron, qui a eu la COVID19, se montre dâ€™ailleurs exemplaire en allant voir juste avant son interview sur TF1 des enfants malades le tout sans masque et sans aucune distanciation sociale. On applaudit ğŸ‘', 'Brigitte Macron, who had COVID19, is also exemplary by going to see sick children just before her interview on TF1, all without a mask and without any social distancing. We applaud ğŸ‘', [('fra', 1.0)])"
27377,"[(1657644172.0, 'fb')]","[('Hospital en Maracaibo\n27 ismaelg_oficial', 'Hospital in Maracaibo\n27 ismaelg_official', [('spa', 0.5510186553001404)])]",['Partly false information'],"('ğŸ”´ AsÃ­, en medio del horrorÃ­fico hacinamiento, transcurre la sala â€œUCIâ€ COVID-19 del Hospital de Maracaibo. Unos sentados esperando su suerte, otros en camillas o el suelo. Al fondo la mortecina sinfonÃ­a de monitores y ahogadas toses. Mientras tanto aquÃ­ aÃ±oran una probada de ese infierno.', 'ğŸ”´ Thus, in the midst of horrific overcrowding, the ""ICU"" COVID-19 room of the Maracaibo Hospital passes. Some sitting waiting for their fate, others on stretchers or the ground. In the background the deadly symphony of monitors and muffled coughs. Meanwhile here they yearn for a taste of that hell.', [('spa', 1.0)])"
3906,"[(1658918472.0, 'fb')]",[],['False information'],"('#Ø¹Ø§Ø§Ø§Ø§Ø§Ø¬Ù„ Ø§Ù„ÙÙ†Ø§Ù† Ù…ÙŠÙ„Ø§Ø¯ ÙŠÙˆØ³Ù ÙŠØªØ¹Ø±Ø¶ Ù„Ù„Ø¶Ø±Ø¨ Ø§Ø«Ø± Ø¨Ù„ Ù‡ÙŠ Ù…Ù† Ù…Ø´Ù‡Ø¯ ØªÙ…Ø«ÙŠÙ„ÙŠ\n ÙÙŠ Ù…Ù†Ø·Ù‚Ù‡ Ø§Ù„Ù…Ø²Ø© Ø§Ù„Ø¯ÙˆÙ„Ù‡ ÙÙŠ Ø¯Ù…Ø´Ù‚ ğŸ˜±ğŸ’”\n#ØªØ§Ø¨Ø¹ÙˆÙ†Ø§ #Ø´Ø¢Ù…_Ø§Ù„Ø¢Ù† #Ø§Ù„ØªÙØ§ØµÙŠÙ„ #Ù…Ø´Ø§Ø±ÙƒØ©_Ù…Ù†Ø´ÙˆØ±', '#Urgent, the artist Milad Youssef is being beaten up, but rather from an acting scene\n In the Mazzeh Al-Dawla area in Damascus ğŸ˜±ğŸ’”\n#Follow us #Sham_alan #Details #Share_post', [('ara', 1.0)])"
11819,"[(1648933666.0, 'fb')]","[('18\nRichtung Summerau.Prag\nWICHTIGE MITTEILUNG\nIhre Sicherheit ist\nuns wichtig.\nACHTUNG!\nAufgrund gehÃ¤ufter Ãœbergriffe am Bahn-\nhofsgelÃ¤nde, kÃ¶nnen wir Ihre Sicherheit\nbis auf weiteres nicht mehr gewÃ¤hrleisten.\nWir bitten daher insbesondere Frauen:\nDas BahnhofsgelÃ¤nde nach MÃ¶glichkeit\nnur in Begleitung zu betreten.\nNach MÃ¶glichkeit freizÃ¼gige Kleidung zu\nvermeiden und Kopfbedeckung zu tragen.\nâ€¢ 1m Sicherheitsabstand zu verdÃ¤chtigen\nPersonen, insbesondere Gruppen junger\nMÃ¤nner, zu halten.\nPassen Sie auf sich auf.', '18\nDirection Summerau.Prague\nIMPORTANT MESSAGE\nyour security is\nimportant to us.\nATTENTION!\nDue to frequent attacks on the railway\ncourtyard area, we can ensure your safety\nno longer guaranteed until further notice.\nWe therefore ask women in particular:\nThe station area if possible\nonly to enter accompanied.\nIf possible, revealing clothing\navoid and wear a hat.\nâ€¢ 1m safety distance to suspects\npeople, especially groups of young people\nmen to hold.\nTake care of yourself.', [('deu', 0.9986850023269653)])]",['Missing context'],"('Ich habe dies fÃ¼r ein Fake gehalten , aber laut Standard ist dieser Skandal tatsÃ¤chlich echt. \n\nDie vom Steuerzahler mit jÃ¤hrlich 9 Milliarden Euro gesponserte Ã–BB schafft es im Jahr 2022 offenbar nicht einmal die Sicherheit unserer Frauen , MÃ¼tter und TÃ¶chter zu garantieren , wenn diese Ã¶ffentliche Verkehrsmittel benutzen !! \n\nEs ist vÃ¶llig klar , dass unsere weibliche BevÃ¶lkerung nicht von dummen autochtonen Pubertierenden im Overkill der Hormone belÃ¤stigt werden .\nUnd es ist vÃ¶llig klar , dass dieser skandalÃ¶se Zustand wieder einmal der wahnwitzig/heuchlerischen Hypertoleranz der linksgrÃ¼nwoken Blase zu verdanken ist , die jegliche negative Wirkung der unkontrollierten Zuwanderung aus inkompatiblen Kulturkreisen glatt leugnet .\n\nLetztendlich ist es auch ein Skandal der Sonderklasse , dass unsere Exekutive zwar mit Sondereinheiten MaskensÃ¼nder und Ungeimpfte jagen  , aber die Sicherheit unserer Gesellschaft nicht aufrecht erhalten kann .\n\nInsgesamt bietet sich wie immer dasselbe Bild - \nUnser gesamtes System ist verfault , verrottet und vollkommen unfÃ¤hig , die grundlegenden Aufgaben zu erfÃ¼llen. \n\nEs reicht - wir brauchen den Great Reset .\nUNSEREN Great Reset .\nGM', ""I thought this was fake, but according to Standard, this scandal is actually real.\n\nÃ–BB, which is sponsored by taxpayers with 9 billion euros a year, apparently won't even be able to guarantee the safety of our women, mothers and daughters when they use public transport in 2022!!\n\nIt is perfectly clear that our female population is not being bothered by stupid autochthonous adolescents in the overkill of hormones.\nAnd it is perfectly clear that this scandalous state of affairs is once again due to the insane/hypocritical hypertolerance of the left-green clouded bubble, which flatly denies any negative effects of uncontrolled immigration from incompatible cultures.\n\nUltimately, it is also a scandal of a special class that our executive branch is hunting mask sinners and those who have not been vaccinated with special units, but cannot maintain the safety of our society.\n\nOverall, the picture is the same as always -\nOur entire system is rotten, rotten and utterly unable to perform its basic tasks.\n\nEnough - we need the Great Reset.\nOUR Great Reset.\nGM"", [('deu', 1.0)])"
